Index,electricity_unit,country abbreviation,type,carbon_g,carbon_lb,carbon_kg,carbon_mt,country,electricity_value,trees_required,trees_required_in_units
0,kwh,at,electricity,166,0.36,0.16,0,Austria,2,0.007272727,1
1,kwh,at,electricity,249,0.54,0.24,0,Austria,3,0.010909091,1
2,kwh,at,electricity,332,0.72,0.32,0,Austria,4,0.014545455,1
3,kwh,at,electricity,415,0.9,0.4,0,Austria,5,0.018181818,1
4,kwh,at,electricity,498,1.08,0.48,0,Austria,6,0.021818182,1
5,kwh,at,electricity,581,1.26,0.56,0,Austria,7,0.025454545,1
6,kwh,at,electricity,664,1.44,0.64,0,Austria,8,0.029090909,1
7,kwh,at,electricity,747,1.62,0.72,0,Austria,9,0.032727273,1
8,kwh,at,electricity,830,1.8,0.8,0,Austria,10,0.036363636,1
9,kwh,at,electricity,913,1.98,0.88,0,Austria,11,0.04,1
10,kwh,at,electricity,996,2.16,0.96,0,Austria,12,0.043636364,1
11,kwh,at,electricity,1079,2.34,1.04,0,Austria,13,0.047272727,1
12,kwh,at,electricity,1162,2.52,1.12,0,Austria,14,0.050909091,1
13,kwh,at,electricity,1245,2.7,1.2,0,Austria,15,0.054545455,1
14,kwh,at,electricity,1328,2.88,1.28,0,Austria,16,0.058181818,1
15,kwh,at,electricity,1411,3.06,1.36,0,Austria,17,0.061818182,1
16,kwh,at,electricity,1494,3.24,1.44,0,Austria,18,0.065454545,1
17,kwh,at,electricity,1577,3.42,1.52,0,Austria,19,0.069090909,1
18,kwh,at,electricity,1660,3.6,1.6,0,Austria,20,0.072727273,1
19,kwh,at,electricity,1743,3.78,1.68,0,Austria,21,0.076363636,1
20,kwh,at,electricity,1826,3.96,1.76,0,Austria,22,0.08,1
21,kwh,at,electricity,1909,4.14,1.84,0,Austria,23,0.083636364,1
22,kwh,at,electricity,1992,4.32,1.92,0,Austria,24,0.087272727,1
23,kwh,at,electricity,2075,4.5,2,0,Austria,25,0.090909091,1
24,kwh,at,electricity,2158,4.68,2.08,0,Austria,26,0.094545455,1
25,kwh,at,electricity,2241,4.86,2.16,0,Austria,27,0.098181818,1
26,kwh,at,electricity,2324,5.04,2.24,0,Austria,28,0.101818182,1
27,kwh,at,electricity,2407,5.22,2.32,0,Austria,29,0.105454545,1
28,kwh,at,electricity,2490,5.4,2.4,0,Austria,30,0.109090909,1
29,kwh,at,electricity,2573,5.58,2.48,0,Austria,31,0.112727273,1
30,kwh,at,electricity,2656,5.76,2.56,0,Austria,32,0.116363636,1
31,kwh,at,electricity,2739,5.94,2.64,0,Austria,33,0.12,1
32,kwh,at,electricity,2822,6.12,2.72,0,Austria,34,0.123636364,1
33,kwh,at,electricity,2905,6.3,2.8,0,Austria,35,0.127272727,1
34,kwh,at,electricity,2988,6.48,2.88,0,Austria,36,0.130909091,1
35,kwh,at,electricity,3071,6.66,2.96,0,Austria,37,0.134545455,1
36,kwh,at,electricity,3154,6.84,3.04,0,Austria,38,0.138181818,1
37,kwh,at,electricity,3237,7.02,3.12,0,Austria,39,0.141818182,1
38,kwh,at,electricity,3320,7.2,3.2,0,Austria,40,0.145454545,1
39,kwh,at,electricity,3403,7.38,3.28,0,Austria,41,0.149090909,1
40,kwh,at,electricity,3486,7.56,3.36,0,Austria,42,0.152727273,1
41,kwh,at,electricity,3569,7.74,3.44,0,Austria,43,0.156363636,1
42,kwh,at,electricity,3652,7.92,3.52,0,Austria,44,0.16,1
43,kwh,at,electricity,3735,8.1,3.6,0,Austria,45,0.163636364,1
44,kwh,at,electricity,3818,8.28,3.68,0,Austria,46,0.167272727,1
45,kwh,at,electricity,3901,8.46,3.76,0,Austria,47,0.170909091,1
46,kwh,at,electricity,3984,8.64,3.84,0,Austria,48,0.174545455,1
47,kwh,at,electricity,4067,8.82,3.92,0,Austria,49,0.178181818,1
48,kwh,at,electricity,4150,9,4,0,Austria,50,0.181818182,1
49,kwh,be,electricity,384,0.84,0.38,0,Belgium,2,0.017272727,1
50,kwh,be,electricity,576,1.26,0.57,0,Belgium,3,0.025909091,1
51,kwh,be,electricity,768,1.68,0.76,0,Belgium,4,0.034545455,1
52,kwh,be,electricity,960,2.1,0.95,0,Belgium,5,0.043181818,1
53,kwh,be,electricity,1152,2.52,1.14,0,Belgium,6,0.051818182,1
54,kwh,be,electricity,1344,2.94,1.33,0,Belgium,7,0.060454545,1
55,kwh,be,electricity,1536,3.36,1.52,0,Belgium,8,0.069090909,1
56,kwh,be,electricity,1728,3.78,1.71,0,Belgium,9,0.077727273,1
57,kwh,be,electricity,1920,4.2,1.9,0,Belgium,10,0.086363636,1
58,kwh,be,electricity,2112,4.62,2.09,0,Belgium,11,0.095,1
59,kwh,be,electricity,2304,5.04,2.28,0,Belgium,12,0.103636364,1
60,kwh,be,electricity,2496,5.46,2.47,0,Belgium,13,0.112272727,1
61,kwh,be,electricity,2688,5.88,2.66,0,Belgium,14,0.120909091,1
62,kwh,be,electricity,2880,6.3,2.85,0,Belgium,15,0.129545455,1
63,kwh,be,electricity,3072,6.72,3.04,0,Belgium,16,0.138181818,1
64,kwh,be,electricity,3264,7.14,3.23,0,Belgium,17,0.146818182,1
65,kwh,be,electricity,3456,7.56,3.42,0,Belgium,18,0.155454545,1
66,kwh,be,electricity,3648,7.98,3.61,0,Belgium,19,0.164090909,1
67,kwh,be,electricity,3840,8.4,3.8,0,Belgium,20,0.172727273,1
68,kwh,be,electricity,4032,8.82,3.99,0,Belgium,21,0.181363636,1
69,kwh,be,electricity,4224,9.24,4.18,0,Belgium,22,0.19,1
70,kwh,be,electricity,4416,9.66,4.37,0,Belgium,23,0.198636364,1
71,kwh,be,electricity,4608,10.08,4.56,0,Belgium,24,0.207272727,1
72,kwh,be,electricity,4800,10.5,4.75,0,Belgium,25,0.215909091,1
73,kwh,be,electricity,4992,10.92,4.94,0,Belgium,26,0.224545455,1
74,kwh,be,electricity,5184,11.34,5.13,0,Belgium,27,0.233181818,1
75,kwh,be,electricity,5376,11.76,5.32,0,Belgium,28,0.241818182,1
76,kwh,be,electricity,5568,12.18,5.51,0,Belgium,29,0.250454545,1
77,kwh,be,electricity,5760,12.6,5.7,0,Belgium,30,0.259090909,1
78,kwh,be,electricity,5952,13.02,5.89,0,Belgium,31,0.267727273,1
79,kwh,be,electricity,6144,13.44,6.08,0,Belgium,32,0.276363636,1
80,kwh,be,electricity,6336,13.86,6.27,0,Belgium,33,0.285,1
81,kwh,be,electricity,6528,14.28,6.46,0,Belgium,34,0.293636364,1
82,kwh,be,electricity,6720,14.7,6.65,0,Belgium,35,0.302272727,1
83,kwh,be,electricity,6912,15.12,6.84,0,Belgium,36,0.310909091,1
84,kwh,be,electricity,7104,15.54,7.03,0,Belgium,37,0.319545455,1
85,kwh,be,electricity,7296,15.96,7.22,0,Belgium,38,0.328181818,1
86,kwh,be,electricity,7488,16.38,7.41,0,Belgium,39,0.336818182,1
87,kwh,be,electricity,7680,16.8,7.6,0,Belgium,40,0.345454545,1
88,kwh,be,electricity,7872,17.22,7.79,0,Belgium,41,0.354090909,1
89,kwh,be,electricity,8064,17.64,7.98,0,Belgium,42,0.362727273,1
90,kwh,be,electricity,8256,18.06,8.17,0,Belgium,43,0.371363636,1
91,kwh,be,electricity,8448,18.48,8.36,0,Belgium,44,0.38,1
92,kwh,be,electricity,8640,18.9,8.55,0,Belgium,45,0.388636364,1
93,kwh,be,electricity,8832,19.32,8.74,0,Belgium,46,0.397272727,1
94,kwh,be,electricity,9024,19.74,8.93,0,Belgium,47,0.405909091,1
95,kwh,be,electricity,9216,20.16,9.12,0,Belgium,48,0.414545455,1
96,kwh,be,electricity,9408,20.58,9.31,0,Belgium,49,0.423181818,1
97,kwh,be,electricity,9600,21,9.5,0,Belgium,50,0.431818182,1
98,kwh,bg,electricity,704,1.56,0.7,0,Bulgaria,2,0.031818182,1
99,kwh,bg,electricity,1056,2.34,1.05,0,Bulgaria,3,0.047727273,1
100,kwh,bg,electricity,1408,3.12,1.4,0,Bulgaria,4,0.063636364,1
101,kwh,bg,electricity,1760,3.9,1.75,0,Bulgaria,5,0.079545455,1
102,kwh,bg,electricity,2112,4.68,2.1,0,Bulgaria,6,0.095454545,1
103,kwh,bg,electricity,2464,5.46,2.45,0,Bulgaria,7,0.111363636,1
104,kwh,bg,electricity,2816,6.24,2.8,0,Bulgaria,8,0.127272727,1
105,kwh,bg,electricity,3168,7.02,3.15,0,Bulgaria,9,0.143181818,1
106,kwh,bg,electricity,3520,7.8,3.5,0,Bulgaria,10,0.159090909,1
107,kwh,bg,electricity,3872,8.58,3.85,0,Bulgaria,11,0.175,1
108,kwh,bg,electricity,4224,9.36,4.2,0,Bulgaria,12,0.190909091,1
109,kwh,bg,electricity,4576,10.14,4.55,0,Bulgaria,13,0.206818182,1
110,kwh,bg,electricity,4928,10.92,4.9,0,Bulgaria,14,0.222727273,1
111,kwh,bg,electricity,5280,11.7,5.25,0,Bulgaria,15,0.238636364,1
112,kwh,bg,electricity,5632,12.48,5.6,0,Bulgaria,16,0.254545455,1
113,kwh,bg,electricity,5984,13.26,5.95,0,Bulgaria,17,0.270454545,1
114,kwh,bg,electricity,6336,14.04,6.3,0,Bulgaria,18,0.286363636,1
115,kwh,bg,electricity,6688,14.82,6.65,0,Bulgaria,19,0.302272727,1
116,kwh,bg,electricity,7040,15.6,7,0,Bulgaria,20,0.318181818,1
117,kwh,bg,electricity,7392,16.38,7.35,0,Bulgaria,21,0.334090909,1
118,kwh,bg,electricity,7744,17.16,7.7,0,Bulgaria,22,0.35,1
119,kwh,bg,electricity,8096,17.94,8.05,0,Bulgaria,23,0.365909091,1
120,kwh,bg,electricity,8448,18.72,8.4,0,Bulgaria,24,0.381818182,1
121,kwh,bg,electricity,8800,19.5,8.75,0,Bulgaria,25,0.397727273,1
122,kwh,bg,electricity,9152,20.28,9.1,0,Bulgaria,26,0.413636364,1
123,kwh,bg,electricity,9504,21.06,9.45,0,Bulgaria,27,0.429545455,1
124,kwh,bg,electricity,9856,21.84,9.8,0,Bulgaria,28,0.445454545,1
125,kwh,bg,electricity,10208,22.62,10.15,0,Bulgaria,29,0.461363636,1
126,kwh,bg,electricity,10560,23.4,10.5,0,Bulgaria,30,0.477272727,1
127,kwh,bg,electricity,10912,24.18,10.85,0,Bulgaria,31,0.493181818,1
128,kwh,bg,electricity,11264,24.96,11.2,0,Bulgaria,32,0.509090909,1
129,kwh,bg,electricity,11616,25.74,11.55,0,Bulgaria,33,0.525,1
130,kwh,bg,electricity,11968,26.52,11.9,0,Bulgaria,34,0.540909091,1
131,kwh,bg,electricity,12320,27.3,12.25,0,Bulgaria,35,0.556818182,1
132,kwh,bg,electricity,12672,28.08,12.6,0,Bulgaria,36,0.572727273,1
133,kwh,bg,electricity,13024,28.86,12.95,0,Bulgaria,37,0.588636364,1
134,kwh,bg,electricity,13376,29.64,13.3,0,Bulgaria,38,0.604545455,1
135,kwh,bg,electricity,13728,30.42,13.65,0,Bulgaria,39,0.620454545,1
136,kwh,bg,electricity,14080,31.2,14,0,Bulgaria,40,0.636363636,1
137,kwh,bg,electricity,14432,31.98,14.35,0,Bulgaria,41,0.652272727,1
138,kwh,bg,electricity,14784,32.76,14.7,0,Bulgaria,42,0.668181818,1
139,kwh,bg,electricity,15136,33.54,15.05,0,Bulgaria,43,0.684090909,1
140,kwh,bg,electricity,15488,34.32,15.4,0,Bulgaria,44,0.7,1
141,kwh,bg,electricity,15840,35.1,15.75,0,Bulgaria,45,0.715909091,1
142,kwh,bg,electricity,16192,35.88,16.1,0,Bulgaria,46,0.731818182,1
143,kwh,bg,electricity,16544,36.66,16.45,0,Bulgaria,47,0.747727273,1
144,kwh,bg,electricity,16896,37.44,16.8,0,Bulgaria,48,0.763636364,1
145,kwh,bg,electricity,17248,38.22,17.15,0,Bulgaria,49,0.779545455,1
146,kwh,bg,electricity,17600,39,17.5,0,Bulgaria,50,0.795454545,1
147,kwh,hr,electricity,328,0.72,0.32,0,Croatia,2,0.014545455,1
148,kwh,hr,electricity,492,1.08,0.48,0,Croatia,3,0.021818182,1
149,kwh,hr,electricity,656,1.44,0.64,0,Croatia,4,0.029090909,1
150,kwh,hr,electricity,820,1.8,0.8,0,Croatia,5,0.036363636,1
151,kwh,hr,electricity,984,2.16,0.96,0,Croatia,6,0.043636364,1
152,kwh,hr,electricity,1148,2.52,1.12,0,Croatia,7,0.050909091,1
153,kwh,hr,electricity,1312,2.88,1.28,0,Croatia,8,0.058181818,1
154,kwh,hr,electricity,1476,3.24,1.44,0,Croatia,9,0.065454545,1
155,kwh,hr,electricity,1640,3.6,1.6,0,Croatia,10,0.072727273,1
156,kwh,hr,electricity,1804,3.96,1.76,0,Croatia,11,0.08,1
157,kwh,hr,electricity,1968,4.32,1.92,0,Croatia,12,0.087272727,1
158,kwh,hr,electricity,2132,4.68,2.08,0,Croatia,13,0.094545455,1
159,kwh,hr,electricity,2296,5.04,2.24,0,Croatia,14,0.101818182,1
160,kwh,hr,electricity,2460,5.4,2.4,0,Croatia,15,0.109090909,1
161,kwh,hr,electricity,2624,5.76,2.56,0,Croatia,16,0.116363636,1
162,kwh,hr,electricity,2788,6.12,2.72,0,Croatia,17,0.123636364,1
163,kwh,hr,electricity,2952,6.48,2.88,0,Croatia,18,0.130909091,1
164,kwh,hr,electricity,3116,6.84,3.04,0,Croatia,19,0.138181818,1
165,kwh,hr,electricity,3280,7.2,3.2,0,Croatia,20,0.145454545,1
166,kwh,hr,electricity,3444,7.56,3.36,0,Croatia,21,0.152727273,1
167,kwh,hr,electricity,3608,7.92,3.52,0,Croatia,22,0.16,1
168,kwh,hr,electricity,3772,8.28,3.68,0,Croatia,23,0.167272727,1
169,kwh,hr,electricity,3936,8.64,3.84,0,Croatia,24,0.174545455,1
170,kwh,hr,electricity,4100,9,4,0,Croatia,25,0.181818182,1
171,kwh,hr,electricity,4264,9.36,4.16,0,Croatia,26,0.189090909,1
172,kwh,hr,electricity,4428,9.72,4.32,0,Croatia,27,0.196363636,1
173,kwh,hr,electricity,4592,10.08,4.48,0,Croatia,28,0.203636364,1
174,kwh,hr,electricity,4756,10.44,4.64,0,Croatia,29,0.210909091,1
175,kwh,hr,electricity,4920,10.8,4.8,0,Croatia,30,0.218181818,1
176,kwh,hr,electricity,5084,11.16,4.96,0,Croatia,31,0.225454545,1
177,kwh,hr,electricity,5248,11.52,5.12,0,Croatia,32,0.232727273,1
178,kwh,hr,electricity,5412,11.88,5.28,0,Croatia,33,0.24,1
179,kwh,hr,electricity,5576,12.24,5.44,0,Croatia,34,0.247272727,1
180,kwh,hr,electricity,5740,12.6,5.6,0,Croatia,35,0.254545455,1
181,kwh,hr,electricity,5904,12.96,5.76,0,Croatia,36,0.261818182,1
182,kwh,hr,electricity,6068,13.32,5.92,0,Croatia,37,0.269090909,1
183,kwh,hr,electricity,6232,13.68,6.08,0,Croatia,38,0.276363636,1
184,kwh,hr,electricity,6396,14.04,6.24,0,Croatia,39,0.283636364,1
185,kwh,hr,electricity,6560,14.4,6.4,0,Croatia,40,0.290909091,1
186,kwh,hr,electricity,6724,14.76,6.56,0,Croatia,41,0.298181818,1
187,kwh,hr,electricity,6888,15.12,6.72,0,Croatia,42,0.305454545,1
188,kwh,hr,electricity,7052,15.48,6.88,0,Croatia,43,0.312727273,1
189,kwh,hr,electricity,7216,15.84,7.04,0,Croatia,44,0.32,1
190,kwh,hr,electricity,7380,16.2,7.2,0,Croatia,45,0.327272727,1
191,kwh,hr,electricity,7544,16.56,7.36,0,Croatia,46,0.334545455,1
192,kwh,hr,electricity,7708,16.92,7.52,0,Croatia,47,0.341818182,1
193,kwh,hr,electricity,7872,17.28,7.68,0,Croatia,48,0.349090909,1
194,kwh,hr,electricity,8036,17.64,7.84,0,Croatia,49,0.356363636,1
195,kwh,hr,electricity,8200,18,8,0,Croatia,50,0.363636364,1
196,kwh,cy,electricity,1306,2.88,1.3,0,Cyprus,2,0.059090909,1
197,kwh,cy,electricity,1959,4.32,1.95,0,Cyprus,3,0.088636364,1
198,kwh,cy,electricity,2612,5.76,2.6,0,Cyprus,4,0.118181818,1
199,kwh,cy,electricity,3265,7.2,3.25,0,Cyprus,5,0.147727273,1
200,kwh,cy,electricity,3918,8.64,3.9,0,Cyprus,6,0.177272727,1
201,kwh,cy,electricity,4571,10.08,4.55,0,Cyprus,7,0.206818182,1
202,kwh,cy,electricity,5224,11.52,5.2,0,Cyprus,8,0.236363636,1
203,kwh,cy,electricity,5877,12.96,5.85,0,Cyprus,9,0.265909091,1
204,kwh,cy,electricity,6530,14.4,6.5,0,Cyprus,10,0.295454545,1
205,kwh,cy,electricity,7183,15.84,7.15,0,Cyprus,11,0.325,1
206,kwh,cy,electricity,7836,17.28,7.8,0,Cyprus,12,0.354545455,1
207,kwh,cy,electricity,8489,18.72,8.45,0,Cyprus,13,0.384090909,1
208,kwh,cy,electricity,9142,20.16,9.1,0,Cyprus,14,0.413636364,1
209,kwh,cy,electricity,9795,21.6,9.75,0,Cyprus,15,0.443181818,1
210,kwh,cy,electricity,10448,23.04,10.4,0,Cyprus,16,0.472727273,1
211,kwh,cy,electricity,11101,24.48,11.05,0,Cyprus,17,0.502272727,1
212,kwh,cy,electricity,11754,25.92,11.7,0,Cyprus,18,0.531818182,1
213,kwh,cy,electricity,12407,27.36,12.35,0,Cyprus,19,0.561363636,1
214,kwh,cy,electricity,13060,28.8,13,0,Cyprus,20,0.590909091,1
215,kwh,cy,electricity,13713,30.24,13.65,0,Cyprus,21,0.620454545,1
216,kwh,cy,electricity,14366,31.68,14.3,0,Cyprus,22,0.65,1
217,kwh,cy,electricity,15019,33.12,14.95,0,Cyprus,23,0.679545455,1
218,kwh,cy,electricity,15672,34.56,15.6,0,Cyprus,24,0.709090909,1
219,kwh,cy,electricity,16325,36,16.25,0,Cyprus,25,0.738636364,1
220,kwh,cy,electricity,16978,37.44,16.9,0,Cyprus,26,0.768181818,1
221,kwh,cy,electricity,17631,38.88,17.55,0,Cyprus,27,0.797727273,1
222,kwh,cy,electricity,18284,40.32,18.2,0,Cyprus,28,0.827272727,1
223,kwh,cy,electricity,18937,41.76,18.85,0,Cyprus,29,0.856818182,1
224,kwh,cy,electricity,19590,43.2,19.5,0,Cyprus,30,0.886363636,1
225,kwh,cy,electricity,20243,44.64,20.15,0,Cyprus,31,0.915909091,1
226,kwh,cy,electricity,20896,46.08,20.8,0,Cyprus,32,0.945454545,1
227,kwh,cy,electricity,21549,47.52,21.45,0,Cyprus,33,0.975,1
228,kwh,cy,electricity,22202,48.96,22.1,0,Cyprus,34,1.004545455,2
229,kwh,cy,electricity,22855,50.4,22.75,0,Cyprus,35,1.034090909,2
230,kwh,cy,electricity,23508,51.84,23.4,0,Cyprus,36,1.063636364,2
231,kwh,cy,electricity,24161,53.28,24.05,0,Cyprus,37,1.093181818,2
232,kwh,cy,electricity,24814,54.72,24.7,0,Cyprus,38,1.122727273,2
233,kwh,cy,electricity,25467,56.16,25.35,0,Cyprus,39,1.152272727,2
234,kwh,cy,electricity,26120,57.6,26,0,Cyprus,40,1.181818182,2
235,kwh,cy,electricity,26773,59.04,26.65,0,Cyprus,41,1.211363636,2
236,kwh,cy,electricity,27426,60.48,27.3,0,Cyprus,42,1.240909091,2
237,kwh,cy,electricity,28079,61.92,27.95,0,Cyprus,43,1.270454545,2
238,kwh,cy,electricity,28732,63.36,28.6,0,Cyprus,44,1.3,2
239,kwh,cy,electricity,29385,64.8,29.25,0,Cyprus,45,1.329545455,2
240,kwh,cy,electricity,30038,66.24,29.9,0,Cyprus,46,1.359090909,2
241,kwh,cy,electricity,30691,67.68,30.55,0,Cyprus,47,1.388636364,2
242,kwh,cy,electricity,31344,69.12,31.2,0,Cyprus,48,1.418181818,2
243,kwh,cy,electricity,31997,70.56,31.85,0,Cyprus,49,1.447727273,2
244,kwh,cy,electricity,32650,72,32.5,0,Cyprus,50,1.477272727,2
245,kwh,cz,electricity,772,1.7,0.78,0,Czech Republic,2,0.035454545,1
246,kwh,cz,electricity,1158,2.55,1.17,0,Czech Republic,3,0.053181818,1
247,kwh,cz,electricity,1544,3.4,1.56,0,Czech Republic,4,0.070909091,1
248,kwh,cz,electricity,1930,4.25,1.95,0,Czech Republic,5,0.088636364,1
249,kwh,cz,electricity,2316,5.1,2.34,0,Czech Republic,6,0.106363636,1
250,kwh,cz,electricity,2702,5.95,2.73,0,Czech Republic,7,0.124090909,1
251,kwh,cz,electricity,3088,6.8,3.12,0,Czech Republic,8,0.141818182,1
252,kwh,cz,electricity,3474,7.65,3.51,0,Czech Republic,9,0.159545455,1
253,kwh,cz,electricity,3860,8.5,3.9,0,Czech Republic,10,0.177272727,1
254,kwh,cz,electricity,4246,9.35,4.29,0,Czech Republic,11,0.195,1
255,kwh,cz,electricity,4632,10.2,4.68,0,Czech Republic,12,0.212727273,1
256,kwh,cz,electricity,5018,11.05,5.07,0,Czech Republic,13,0.230454545,1
257,kwh,cz,electricity,5404,11.9,5.46,0,Czech Republic,14,0.248181818,1
258,kwh,cz,electricity,5790,12.75,5.85,0,Czech Republic,15,0.265909091,1
259,kwh,cz,electricity,6176,13.6,6.24,0,Czech Republic,16,0.283636364,1
260,kwh,cz,electricity,6562,14.45,6.63,0,Czech Republic,17,0.301363636,1
261,kwh,cz,electricity,6948,15.3,7.02,0,Czech Republic,18,0.319090909,1
262,kwh,cz,electricity,7334,16.15,7.41,0,Czech Republic,19,0.336818182,1
263,kwh,cz,electricity,7720,17,7.8,0,Czech Republic,20,0.354545455,1
264,kwh,cz,electricity,8106,17.85,8.19,0,Czech Republic,21,0.372272727,1
265,kwh,cz,electricity,8492,18.7,8.58,0,Czech Republic,22,0.39,1
266,kwh,cz,electricity,8878,19.55,8.97,0,Czech Republic,23,0.407727273,1
267,kwh,cz,electricity,9264,20.4,9.36,0,Czech Republic,24,0.425454545,1
268,kwh,cz,electricity,9650,21.25,9.75,0,Czech Republic,25,0.443181818,1
269,kwh,cz,electricity,10036,22.1,10.14,0,Czech Republic,26,0.460909091,1
270,kwh,cz,electricity,10422,22.95,10.53,0,Czech Republic,27,0.478636364,1
271,kwh,cz,electricity,10808,23.8,10.92,0,Czech Republic,28,0.496363636,1
272,kwh,cz,electricity,11194,24.65,11.31,0,Czech Republic,29,0.514090909,1
273,kwh,cz,electricity,11580,25.5,11.7,0,Czech Republic,30,0.531818182,1
274,kwh,cz,electricity,11966,26.35,12.09,0,Czech Republic,31,0.549545455,1
275,kwh,cz,electricity,12352,27.2,12.48,0,Czech Republic,32,0.567272727,1
276,kwh,cz,electricity,12738,28.05,12.87,0,Czech Republic,33,0.585,1
277,kwh,cz,electricity,13124,28.9,13.26,0,Czech Republic,34,0.602727273,1
278,kwh,cz,electricity,13510,29.75,13.65,0,Czech Republic,35,0.620454545,1
279,kwh,cz,electricity,13896,30.6,14.04,0,Czech Republic,36,0.638181818,1
280,kwh,cz,electricity,14282,31.45,14.43,0,Czech Republic,37,0.655909091,1
281,kwh,cz,electricity,14668,32.3,14.82,0,Czech Republic,38,0.673636364,1
282,kwh,cz,electricity,15054,33.15,15.21,0,Czech Republic,39,0.691363636,1
283,kwh,cz,electricity,15440,34,15.6,0,Czech Republic,40,0.709090909,1
284,kwh,cz,electricity,15826,34.85,15.99,0,Czech Republic,41,0.726818182,1
285,kwh,cz,electricity,16212,35.7,16.38,0,Czech Republic,42,0.744545455,1
286,kwh,cz,electricity,16598,36.55,16.77,0,Czech Republic,43,0.762272727,1
287,kwh,cz,electricity,16984,37.4,17.16,0,Czech Republic,44,0.78,1
288,kwh,cz,electricity,17370,38.25,17.55,0,Czech Republic,45,0.797727273,1
289,kwh,cz,electricity,17756,39.1,17.94,0,Czech Republic,46,0.815454545,1
290,kwh,cz,electricity,18142,39.95,18.33,0,Czech Republic,47,0.833181818,1
291,kwh,cz,electricity,18528,40.8,18.72,0,Czech Republic,48,0.850909091,1
292,kwh,cz,electricity,18914,41.65,19.11,0,Czech Republic,49,0.868636364,1
293,kwh,cz,electricity,19300,42.5,19.5,0,Czech Republic,50,0.886363636,1
294,kwh,dk,electricity,232,0.52,0.24,0,Denmark,2,0.010909091,1
295,kwh,dk,electricity,348,0.78,0.36,0,Denmark,3,0.016363636,1
296,kwh,dk,electricity,464,1.04,0.48,0,Denmark,4,0.021818182,1
297,kwh,dk,electricity,580,1.3,0.6,0,Denmark,5,0.027272727,1
298,kwh,dk,electricity,696,1.56,0.72,0,Denmark,6,0.032727273,1
299,kwh,dk,electricity,812,1.82,0.84,0,Denmark,7,0.038181818,1
300,kwh,dk,electricity,928,2.08,0.96,0,Denmark,8,0.043636364,1
301,kwh,dk,electricity,1044,2.34,1.08,0,Denmark,9,0.049090909,1
302,kwh,dk,electricity,1160,2.6,1.2,0,Denmark,10,0.054545455,1
303,kwh,dk,electricity,1276,2.86,1.32,0,Denmark,11,0.06,1
304,kwh,dk,electricity,1392,3.12,1.44,0,Denmark,12,0.065454545,1
305,kwh,dk,electricity,1508,3.38,1.56,0,Denmark,13,0.070909091,1
306,kwh,dk,electricity,1624,3.64,1.68,0,Denmark,14,0.076363636,1
307,kwh,dk,electricity,1740,3.9,1.8,0,Denmark,15,0.081818182,1
308,kwh,dk,electricity,1856,4.16,1.92,0,Denmark,16,0.087272727,1
309,kwh,dk,electricity,1972,4.42,2.04,0,Denmark,17,0.092727273,1
310,kwh,dk,electricity,2088,4.68,2.16,0,Denmark,18,0.098181818,1
311,kwh,dk,electricity,2204,4.94,2.28,0,Denmark,19,0.103636364,1
312,kwh,dk,electricity,2320,5.2,2.4,0,Denmark,20,0.109090909,1
313,kwh,dk,electricity,2436,5.46,2.52,0,Denmark,21,0.114545455,1
314,kwh,dk,electricity,2552,5.72,2.64,0,Denmark,22,0.12,1
315,kwh,dk,electricity,2668,5.98,2.76,0,Denmark,23,0.125454545,1
316,kwh,dk,electricity,2784,6.24,2.88,0,Denmark,24,0.130909091,1
317,kwh,dk,electricity,2900,6.5,3,0,Denmark,25,0.136363636,1
318,kwh,dk,electricity,3016,6.76,3.12,0,Denmark,26,0.141818182,1
319,kwh,dk,electricity,3132,7.02,3.24,0,Denmark,27,0.147272727,1
320,kwh,dk,electricity,3248,7.28,3.36,0,Denmark,28,0.152727273,1
321,kwh,dk,electricity,3364,7.54,3.48,0,Denmark,29,0.158181818,1
322,kwh,dk,electricity,3480,7.8,3.6,0,Denmark,30,0.163636364,1
323,kwh,dk,electricity,3596,8.06,3.72,0,Denmark,31,0.169090909,1
324,kwh,dk,electricity,3712,8.32,3.84,0,Denmark,32,0.174545455,1
325,kwh,dk,electricity,3828,8.58,3.96,0,Denmark,33,0.18,1
326,kwh,dk,electricity,3944,8.84,4.08,0,Denmark,34,0.185454545,1
327,kwh,dk,electricity,4060,9.1,4.2,0,Denmark,35,0.190909091,1
328,kwh,dk,electricity,4176,9.36,4.32,0,Denmark,36,0.196363636,1
329,kwh,dk,electricity,4292,9.62,4.44,0,Denmark,37,0.201818182,1
330,kwh,dk,electricity,4408,9.88,4.56,0,Denmark,38,0.207272727,1
331,kwh,dk,electricity,4524,10.14,4.68,0,Denmark,39,0.212727273,1
332,kwh,dk,electricity,4640,10.4,4.8,0,Denmark,40,0.218181818,1
333,kwh,dk,electricity,4756,10.66,4.92,0,Denmark,41,0.223636364,1
334,kwh,dk,electricity,4872,10.92,5.04,0,Denmark,42,0.229090909,1
335,kwh,dk,electricity,4988,11.18,5.16,0,Denmark,43,0.234545455,1
336,kwh,dk,electricity,5104,11.44,5.28,0,Denmark,44,0.24,1
337,kwh,dk,electricity,5220,11.7,5.4,0,Denmark,45,0.245454545,1
338,kwh,dk,electricity,5336,11.96,5.52,0,Denmark,46,0.250909091,1
339,kwh,dk,electricity,5452,12.22,5.64,0,Denmark,47,0.256363636,1
340,kwh,dk,electricity,5568,12.48,5.76,0,Denmark,48,0.261818182,1
341,kwh,dk,electricity,5684,12.74,5.88,0,Denmark,49,0.267272727,1
342,kwh,dk,electricity,5800,13,6,0,Denmark,50,0.272727273,1
343,kwh,ee,electricity,1338,2.94,1.34,0,Estonia,2,0.060909091,1
344,kwh,ee,electricity,2007,4.41,2.01,0,Estonia,3,0.091363636,1
345,kwh,ee,electricity,2676,5.88,2.68,0,Estonia,4,0.121818182,1
346,kwh,ee,electricity,3345,7.35,3.35,0,Estonia,5,0.152272727,1
347,kwh,ee,electricity,4014,8.82,4.02,0,Estonia,6,0.182727273,1
348,kwh,ee,electricity,4683,10.29,4.69,0,Estonia,7,0.213181818,1
349,kwh,ee,electricity,5352,11.76,5.36,0,Estonia,8,0.243636364,1
350,kwh,ee,electricity,6021,13.23,6.03,0,Estonia,9,0.274090909,1
351,kwh,ee,electricity,6690,14.7,6.7,0,Estonia,10,0.304545455,1
352,kwh,ee,electricity,7359,16.17,7.37,0,Estonia,11,0.335,1
353,kwh,ee,electricity,8028,17.64,8.04,0,Estonia,12,0.365454545,1
354,kwh,ee,electricity,8697,19.11,8.71,0,Estonia,13,0.395909091,1
355,kwh,ee,electricity,9366,20.58,9.38,0,Estonia,14,0.426363636,1
356,kwh,ee,electricity,10035,22.05,10.05,0,Estonia,15,0.456818182,1
357,kwh,ee,electricity,10704,23.52,10.72,0,Estonia,16,0.487272727,1
358,kwh,ee,electricity,11373,24.99,11.39,0,Estonia,17,0.517727273,1
359,kwh,ee,electricity,12042,26.46,12.06,0,Estonia,18,0.548181818,1
360,kwh,ee,electricity,12711,27.93,12.73,0,Estonia,19,0.578636364,1
361,kwh,ee,electricity,13380,29.4,13.4,0,Estonia,20,0.609090909,1
362,kwh,ee,electricity,14049,30.87,14.07,0,Estonia,21,0.639545455,1
363,kwh,ee,electricity,14718,32.34,14.74,0,Estonia,22,0.67,1
364,kwh,ee,electricity,15387,33.81,15.41,0,Estonia,23,0.700454545,1
365,kwh,ee,electricity,16056,35.28,16.08,0,Estonia,24,0.730909091,1
366,kwh,ee,electricity,16725,36.75,16.75,0,Estonia,25,0.761363636,1
367,kwh,ee,electricity,17394,38.22,17.42,0,Estonia,26,0.791818182,1
368,kwh,ee,electricity,18063,39.69,18.09,0,Estonia,27,0.822272727,1
369,kwh,ee,electricity,18732,41.16,18.76,0,Estonia,28,0.852727273,1
370,kwh,ee,electricity,19401,42.63,19.43,0,Estonia,29,0.883181818,1
371,kwh,ee,electricity,20070,44.1,20.1,0,Estonia,30,0.913636364,1
372,kwh,ee,electricity,20739,45.57,20.77,0,Estonia,31,0.944090909,1
373,kwh,ee,electricity,21408,47.04,21.44,0,Estonia,32,0.974545455,1
374,kwh,ee,electricity,22077,48.51,22.11,0,Estonia,33,1.005,2
375,kwh,ee,electricity,22746,49.98,22.78,0,Estonia,34,1.035454545,2
376,kwh,ee,electricity,23415,51.45,23.45,0,Estonia,35,1.065909091,2
377,kwh,ee,electricity,24084,52.92,24.12,0,Estonia,36,1.096363636,2
378,kwh,ee,electricity,24753,54.39,24.79,0,Estonia,37,1.126818182,2
379,kwh,ee,electricity,25422,55.86,25.46,0,Estonia,38,1.157272727,2
380,kwh,ee,electricity,26091,57.33,26.13,0,Estonia,39,1.187727273,2
381,kwh,ee,electricity,26760,58.8,26.8,0,Estonia,40,1.218181818,2
382,kwh,ee,electricity,27429,60.27,27.47,0,Estonia,41,1.248636364,2
383,kwh,ee,electricity,28098,61.74,28.14,0,Estonia,42,1.279090909,2
384,kwh,ee,electricity,28767,63.21,28.81,0,Estonia,43,1.309545455,2
385,kwh,ee,electricity,29436,64.68,29.48,0,Estonia,44,1.34,2
386,kwh,ee,electricity,30105,66.15,30.15,0,Estonia,45,1.370454545,2
387,kwh,ee,electricity,30774,67.62,30.82,0,Estonia,46,1.400909091,2
388,kwh,ee,electricity,31443,69.09,31.49,0,Estonia,47,1.431363636,2
389,kwh,ee,electricity,32112,70.56,32.16,0,Estonia,48,1.461818182,2
390,kwh,ee,electricity,32781,72.03,32.83,0,Estonia,49,1.492272727,2
391,kwh,ee,electricity,33450,73.5,33.5,0,Estonia,50,1.522727273,2
392,kwh,fi,electricity,134,0.3,0.14,0,Finland,2,0.006363636,1
393,kwh,fi,electricity,201,0.45,0.21,0,Finland,3,0.009545455,1
394,kwh,fi,electricity,268,0.6,0.28,0,Finland,4,0.012727273,1
395,kwh,fi,electricity,335,0.75,0.35,0,Finland,5,0.015909091,1
396,kwh,fi,electricity,402,0.9,0.42,0,Finland,6,0.019090909,1
397,kwh,fi,electricity,469,1.05,0.49,0,Finland,7,0.022272727,1
398,kwh,fi,electricity,536,1.2,0.56,0,Finland,8,0.025454545,1
399,kwh,fi,electricity,603,1.35,0.63,0,Finland,9,0.028636364,1
400,kwh,fi,electricity,670,1.5,0.7,0,Finland,10,0.031818182,1
401,kwh,fi,electricity,737,1.65,0.77,0,Finland,11,0.035,1
402,kwh,fi,electricity,804,1.8,0.84,0,Finland,12,0.038181818,1
403,kwh,fi,electricity,871,1.95,0.91,0,Finland,13,0.041363636,1
404,kwh,fi,electricity,938,2.1,0.98,0,Finland,14,0.044545455,1
405,kwh,fi,electricity,1005,2.25,1.05,0,Finland,15,0.047727273,1
406,kwh,fi,electricity,1072,2.4,1.12,0,Finland,16,0.050909091,1
407,kwh,fi,electricity,1139,2.55,1.19,0,Finland,17,0.054090909,1
408,kwh,fi,electricity,1206,2.7,1.26,0,Finland,18,0.057272727,1
409,kwh,fi,electricity,1273,2.85,1.33,0,Finland,19,0.060454545,1
410,kwh,fi,electricity,1340,3,1.4,0,Finland,20,0.063636364,1
411,kwh,fi,electricity,1407,3.15,1.47,0,Finland,21,0.066818182,1
412,kwh,fi,electricity,1474,3.3,1.54,0,Finland,22,0.07,1
413,kwh,fi,electricity,1541,3.45,1.61,0,Finland,23,0.073181818,1
414,kwh,fi,electricity,1608,3.6,1.68,0,Finland,24,0.076363636,1
415,kwh,fi,electricity,1675,3.75,1.75,0,Finland,25,0.079545455,1
416,kwh,fi,electricity,1742,3.9,1.82,0,Finland,26,0.082727273,1
417,kwh,fi,electricity,1809,4.05,1.89,0,Finland,27,0.085909091,1
418,kwh,fi,electricity,1876,4.2,1.96,0,Finland,28,0.089090909,1
419,kwh,fi,electricity,1943,4.35,2.03,0,Finland,29,0.092272727,1
420,kwh,fi,electricity,2010,4.5,2.1,0,Finland,30,0.095454545,1
421,kwh,fi,electricity,2077,4.65,2.17,0,Finland,31,0.098636364,1
422,kwh,fi,electricity,2144,4.8,2.24,0,Finland,32,0.101818182,1
423,kwh,fi,electricity,2211,4.95,2.31,0,Finland,33,0.105,1
424,kwh,fi,electricity,2278,5.1,2.38,0,Finland,34,0.108181818,1
425,kwh,fi,electricity,2345,5.25,2.45,0,Finland,35,0.111363636,1
426,kwh,fi,electricity,2412,5.4,2.52,0,Finland,36,0.114545455,1
427,kwh,fi,electricity,2479,5.55,2.59,0,Finland,37,0.117727273,1
428,kwh,fi,electricity,2546,5.7,2.66,0,Finland,38,0.120909091,1
429,kwh,fi,electricity,2613,5.85,2.73,0,Finland,39,0.124090909,1
430,kwh,fi,electricity,2680,6,2.8,0,Finland,40,0.127272727,1
431,kwh,fi,electricity,2747,6.15,2.87,0,Finland,41,0.130454545,1
432,kwh,fi,electricity,2814,6.3,2.94,0,Finland,42,0.133636364,1
433,kwh,fi,electricity,2881,6.45,3.01,0,Finland,43,0.136818182,1
434,kwh,fi,electricity,2948,6.6,3.08,0,Finland,44,0.14,1
435,kwh,fi,electricity,3015,6.75,3.15,0,Finland,45,0.143181818,1
436,kwh,fi,electricity,3082,6.9,3.22,0,Finland,46,0.146363636,1
437,kwh,fi,electricity,3149,7.05,3.29,0,Finland,47,0.149545455,1
438,kwh,fi,electricity,3216,7.2,3.36,0,Finland,48,0.152727273,1
439,kwh,fi,electricity,3283,7.35,3.43,0,Finland,49,0.155909091,1
440,kwh,fi,electricity,3350,7.5,3.5,0,Finland,50,0.159090909,1
441,kwh,fr,electricity,110,0.24,0.12,0,France,2,0.005454545,1
442,kwh,fr,electricity,165,0.36,0.18,0,France,3,0.008181818,1
443,kwh,fr,electricity,220,0.48,0.24,0,France,4,0.010909091,1
444,kwh,fr,electricity,275,0.6,0.3,0,France,5,0.013636364,1
445,kwh,fr,electricity,330,0.72,0.36,0,France,6,0.016363636,1
446,kwh,fr,electricity,385,0.84,0.42,0,France,7,0.019090909,1
447,kwh,fr,electricity,440,0.96,0.48,0,France,8,0.021818182,1
448,kwh,fr,electricity,495,1.08,0.54,0,France,9,0.024545455,1
449,kwh,fr,electricity,550,1.2,0.6,0,France,10,0.027272727,1
450,kwh,fr,electricity,605,1.32,0.66,0,France,11,0.03,1
451,kwh,fr,electricity,660,1.44,0.72,0,France,12,0.032727273,1
452,kwh,fr,electricity,715,1.56,0.78,0,France,13,0.035454545,1
453,kwh,fr,electricity,770,1.68,0.84,0,France,14,0.038181818,1
454,kwh,fr,electricity,825,1.8,0.9,0,France,15,0.040909091,1
455,kwh,fr,electricity,880,1.92,0.96,0,France,16,0.043636364,1
456,kwh,fr,electricity,935,2.04,1.02,0,France,17,0.046363636,1
457,kwh,fr,electricity,990,2.16,1.08,0,France,18,0.049090909,1
458,kwh,fr,electricity,1045,2.28,1.14,0,France,19,0.051818182,1
459,kwh,fr,electricity,1100,2.4,1.2,0,France,20,0.054545455,1
460,kwh,fr,electricity,1155,2.52,1.26,0,France,21,0.057272727,1
461,kwh,fr,electricity,1210,2.64,1.32,0,France,22,0.06,1
462,kwh,fr,electricity,1265,2.76,1.38,0,France,23,0.062727273,1
463,kwh,fr,electricity,1320,2.88,1.44,0,France,24,0.065454545,1
464,kwh,fr,electricity,1375,3,1.5,0,France,25,0.068181818,1
465,kwh,fr,electricity,1430,3.12,1.56,0,France,26,0.070909091,1
466,kwh,fr,electricity,1485,3.24,1.62,0,France,27,0.073636364,1
467,kwh,fr,electricity,1540,3.36,1.68,0,France,28,0.076363636,1
468,kwh,fr,electricity,1595,3.48,1.74,0,France,29,0.079090909,1
469,kwh,fr,electricity,1650,3.6,1.8,0,France,30,0.081818182,1
470,kwh,fr,electricity,1705,3.72,1.86,0,France,31,0.084545455,1
471,kwh,fr,electricity,1760,3.84,1.92,0,France,32,0.087272727,1
472,kwh,fr,electricity,1815,3.96,1.98,0,France,33,0.09,1
473,kwh,fr,electricity,1870,4.08,2.04,0,France,34,0.092727273,1
474,kwh,fr,electricity,1925,4.2,2.1,0,France,35,0.095454545,1
475,kwh,fr,electricity,1980,4.32,2.16,0,France,36,0.098181818,1
476,kwh,fr,electricity,2035,4.44,2.22,0,France,37,0.100909091,1
477,kwh,fr,electricity,2090,4.56,2.28,0,France,38,0.103636364,1
478,kwh,fr,electricity,2145,4.68,2.34,0,France,39,0.106363636,1
479,kwh,fr,electricity,2200,4.8,2.4,0,France,40,0.109090909,1
480,kwh,fr,electricity,2255,4.92,2.46,0,France,41,0.111818182,1
481,kwh,fr,electricity,2310,5.04,2.52,0,France,42,0.114545455,1
482,kwh,fr,electricity,2365,5.16,2.58,0,France,43,0.117272727,1
483,kwh,fr,electricity,2420,5.28,2.64,0,France,44,0.12,1
484,kwh,fr,electricity,2475,5.4,2.7,0,France,45,0.122727273,1
485,kwh,fr,electricity,2530,5.52,2.76,0,France,46,0.125454545,1
486,kwh,fr,electricity,2585,5.64,2.82,0,France,47,0.128181818,1
487,kwh,fr,electricity,2640,5.76,2.88,0,France,48,0.130909091,1
488,kwh,fr,electricity,2695,5.88,2.94,0,France,49,0.133636364,1
489,kwh,fr,electricity,2750,6,3,0,France,50,0.136363636,1
490,kwh,de,electricity,602,1.32,0.6,0,Germany,2,0.027272727,1
491,kwh,de,electricity,903,1.98,0.9,0,Germany,3,0.040909091,1
492,kwh,de,electricity,1204,2.64,1.2,0,Germany,4,0.054545455,1
493,kwh,de,electricity,1505,3.3,1.5,0,Germany,5,0.068181818,1
494,kwh,de,electricity,1806,3.96,1.8,0,Germany,6,0.081818182,1
495,kwh,de,electricity,2107,4.62,2.1,0,Germany,7,0.095454545,1
496,kwh,de,electricity,2408,5.28,2.4,0,Germany,8,0.109090909,1
497,kwh,de,electricity,2709,5.94,2.7,0,Germany,9,0.122727273,1
498,kwh,de,electricity,3010,6.6,3,0,Germany,10,0.136363636,1
499,kwh,de,electricity,3311,7.26,3.3,0,Germany,11,0.15,1
500,kwh,de,electricity,3612,7.92,3.6,0,Germany,12,0.163636364,1
501,kwh,de,electricity,3913,8.58,3.9,0,Germany,13,0.177272727,1
502,kwh,de,electricity,4214,9.24,4.2,0,Germany,14,0.190909091,1
503,kwh,de,electricity,4515,9.9,4.5,0,Germany,15,0.204545455,1
504,kwh,de,electricity,4816,10.56,4.8,0,Germany,16,0.218181818,1
505,kwh,de,electricity,5117,11.22,5.1,0,Germany,17,0.231818182,1
506,kwh,de,electricity,5418,11.88,5.4,0,Germany,18,0.245454545,1
507,kwh,de,electricity,5719,12.54,5.7,0,Germany,19,0.259090909,1
508,kwh,de,electricity,6020,13.2,6,0,Germany,20,0.272727273,1
509,kwh,de,electricity,6321,13.86,6.3,0,Germany,21,0.286363636,1
510,kwh,de,electricity,6622,14.52,6.6,0,Germany,22,0.3,1
511,kwh,de,electricity,6923,15.18,6.9,0,Germany,23,0.313636364,1
512,kwh,de,electricity,7224,15.84,7.2,0,Germany,24,0.327272727,1
513,kwh,de,electricity,7525,16.5,7.5,0,Germany,25,0.340909091,1
514,kwh,de,electricity,7826,17.16,7.8,0,Germany,26,0.354545455,1
515,kwh,de,electricity,8127,17.82,8.1,0,Germany,27,0.368181818,1
516,kwh,de,electricity,8428,18.48,8.4,0,Germany,28,0.381818182,1
517,kwh,de,electricity,8729,19.14,8.7,0,Germany,29,0.395454545,1
518,kwh,de,electricity,9030,19.8,9,0,Germany,30,0.409090909,1
519,kwh,de,electricity,9331,20.46,9.3,0,Germany,31,0.422727273,1
520,kwh,de,electricity,9632,21.12,9.6,0,Germany,32,0.436363636,1
521,kwh,de,electricity,9933,21.78,9.9,0,Germany,33,0.45,1
522,kwh,de,electricity,10234,22.44,10.2,0,Germany,34,0.463636364,1
523,kwh,de,electricity,10535,23.1,10.5,0,Germany,35,0.477272727,1
524,kwh,de,electricity,10836,23.76,10.8,0,Germany,36,0.490909091,1
525,kwh,de,electricity,11137,24.42,11.1,0,Germany,37,0.504545455,1
526,kwh,de,electricity,11438,25.08,11.4,0,Germany,38,0.518181818,1
527,kwh,de,electricity,11739,25.74,11.7,0,Germany,39,0.531818182,1
528,kwh,de,electricity,12040,26.4,12,0,Germany,40,0.545454545,1
529,kwh,de,electricity,12341,27.06,12.3,0,Germany,41,0.559090909,1
530,kwh,de,electricity,12642,27.72,12.6,0,Germany,42,0.572727273,1
531,kwh,de,electricity,12943,28.38,12.9,0,Germany,43,0.586363636,1
532,kwh,de,electricity,13244,29.04,13.2,0,Germany,44,0.6,1
533,kwh,de,electricity,13545,29.7,13.5,0,Germany,45,0.613636364,1
534,kwh,de,electricity,13846,30.36,13.8,0,Germany,46,0.627272727,1
535,kwh,de,electricity,14147,31.02,14.1,0,Germany,47,0.640909091,1
536,kwh,de,electricity,14448,31.68,14.4,0,Germany,48,0.654545455,1
537,kwh,de,electricity,14749,32.34,14.7,0,Germany,49,0.668181818,1
538,kwh,de,electricity,15050,33,15,0,Germany,50,0.681818182,1
539,kwh,ie,electricity,586,1.3,0.58,0,Ireland,2,0.026363636,1
540,kwh,ie,electricity,879,1.95,0.87,0,Ireland,3,0.039545455,1
541,kwh,ie,electricity,1172,2.6,1.16,0,Ireland,4,0.052727273,1
542,kwh,ie,electricity,1465,3.25,1.45,0,Ireland,5,0.065909091,1
543,kwh,ie,electricity,1758,3.9,1.74,0,Ireland,6,0.079090909,1
544,kwh,ie,electricity,2051,4.55,2.03,0,Ireland,7,0.092272727,1
545,kwh,ie,electricity,2344,5.2,2.32,0,Ireland,8,0.105454545,1
546,kwh,ie,electricity,2637,5.85,2.61,0,Ireland,9,0.118636364,1
547,kwh,ie,electricity,2930,6.5,2.9,0,Ireland,10,0.131818182,1
548,kwh,ie,electricity,3223,7.15,3.19,0,Ireland,11,0.145,1
549,kwh,ie,electricity,3516,7.8,3.48,0,Ireland,12,0.158181818,1
550,kwh,ie,electricity,3809,8.45,3.77,0,Ireland,13,0.171363636,1
551,kwh,ie,electricity,4102,9.1,4.06,0,Ireland,14,0.184545455,1
552,kwh,ie,electricity,4395,9.75,4.35,0,Ireland,15,0.197727273,1
553,kwh,ie,electricity,4688,10.4,4.64,0,Ireland,16,0.210909091,1
554,kwh,ie,electricity,4981,11.05,4.93,0,Ireland,17,0.224090909,1
555,kwh,ie,electricity,5274,11.7,5.22,0,Ireland,18,0.237272727,1
556,kwh,ie,electricity,5567,12.35,5.51,0,Ireland,19,0.250454545,1
557,kwh,ie,electricity,5860,13,5.8,0,Ireland,20,0.263636364,1
558,kwh,ie,electricity,6153,13.65,6.09,0,Ireland,21,0.276818182,1
559,kwh,ie,electricity,6446,14.3,6.38,0,Ireland,22,0.29,1
560,kwh,ie,electricity,6739,14.95,6.67,0,Ireland,23,0.303181818,1
561,kwh,ie,electricity,7032,15.6,6.96,0,Ireland,24,0.316363636,1
562,kwh,ie,electricity,7325,16.25,7.25,0,Ireland,25,0.329545455,1
563,kwh,ie,electricity,7618,16.9,7.54,0,Ireland,26,0.342727273,1
564,kwh,ie,electricity,7911,17.55,7.83,0,Ireland,27,0.355909091,1
565,kwh,ie,electricity,8204,18.2,8.12,0,Ireland,28,0.369090909,1
566,kwh,ie,electricity,8497,18.85,8.41,0,Ireland,29,0.382272727,1
567,kwh,ie,electricity,8790,19.5,8.7,0,Ireland,30,0.395454545,1
568,kwh,ie,electricity,9083,20.15,8.99,0,Ireland,31,0.408636364,1
569,kwh,ie,electricity,9376,20.8,9.28,0,Ireland,32,0.421818182,1
570,kwh,ie,electricity,9669,21.45,9.57,0,Ireland,33,0.435,1
571,kwh,ie,electricity,9962,22.1,9.86,0,Ireland,34,0.448181818,1
572,kwh,ie,electricity,10255,22.75,10.15,0,Ireland,35,0.461363636,1
573,kwh,ie,electricity,10548,23.4,10.44,0,Ireland,36,0.474545455,1
574,kwh,ie,electricity,10841,24.05,10.73,0,Ireland,37,0.487727273,1
575,kwh,ie,electricity,11134,24.7,11.02,0,Ireland,38,0.500909091,1
576,kwh,ie,electricity,11427,25.35,11.31,0,Ireland,39,0.514090909,1
577,kwh,ie,electricity,11720,26,11.6,0,Ireland,40,0.527272727,1
578,kwh,ie,electricity,12013,26.65,11.89,0,Ireland,41,0.540454545,1
579,kwh,ie,electricity,12306,27.3,12.18,0,Ireland,42,0.553636364,1
580,kwh,ie,electricity,12599,27.95,12.47,0,Ireland,43,0.566818182,1
581,kwh,ie,electricity,12892,28.6,12.76,0,Ireland,44,0.58,1
582,kwh,ie,electricity,13185,29.25,13.05,0,Ireland,45,0.593181818,1
583,kwh,ie,electricity,13478,29.9,13.34,0,Ireland,46,0.606363636,1
584,kwh,ie,electricity,13771,30.55,13.63,0,Ireland,47,0.619545455,1
585,kwh,ie,electricity,14064,31.2,13.92,0,Ireland,48,0.632727273,1
586,kwh,ie,electricity,14357,31.85,14.21,0,Ireland,49,0.645909091,1
587,kwh,ie,electricity,14650,32.5,14.5,0,Ireland,50,0.659090909,1
588,kwh,lv,electricity,184,0.4,0.18,0,Latvia,2,0.008181818,1
589,kwh,lv,electricity,276,0.6,0.27,0,Latvia,3,0.012272727,1
590,kwh,lv,electricity,368,0.8,0.36,0,Latvia,4,0.016363636,1
591,kwh,lv,electricity,460,1,0.45,0,Latvia,5,0.020454545,1
592,kwh,lv,electricity,552,1.2,0.54,0,Latvia,6,0.024545455,1
593,kwh,lv,electricity,644,1.4,0.63,0,Latvia,7,0.028636364,1
594,kwh,lv,electricity,736,1.6,0.72,0,Latvia,8,0.032727273,1
595,kwh,lv,electricity,828,1.8,0.81,0,Latvia,9,0.036818182,1
596,kwh,lv,electricity,920,2,0.9,0,Latvia,10,0.040909091,1
597,kwh,lv,electricity,1012,2.2,0.99,0,Latvia,11,0.045,1
598,kwh,lv,electricity,1104,2.4,1.08,0,Latvia,12,0.049090909,1
599,kwh,lv,electricity,1196,2.6,1.17,0,Latvia,13,0.053181818,1
600,kwh,lv,electricity,1288,2.8,1.26,0,Latvia,14,0.057272727,1
601,kwh,lv,electricity,1380,3,1.35,0,Latvia,15,0.061363636,1
602,kwh,lv,electricity,1472,3.2,1.44,0,Latvia,16,0.065454545,1
603,kwh,lv,electricity,1564,3.4,1.53,0,Latvia,17,0.069545455,1
604,kwh,lv,electricity,1656,3.6,1.62,0,Latvia,18,0.073636364,1
605,kwh,lv,electricity,1748,3.8,1.71,0,Latvia,19,0.077727273,1
606,kwh,lv,electricity,1840,4,1.8,0,Latvia,20,0.081818182,1
607,kwh,lv,electricity,1932,4.2,1.89,0,Latvia,21,0.085909091,1
608,kwh,lv,electricity,2024,4.4,1.98,0,Latvia,22,0.09,1
609,kwh,lv,electricity,2116,4.6,2.07,0,Latvia,23,0.094090909,1
610,kwh,lv,electricity,2208,4.8,2.16,0,Latvia,24,0.098181818,1
611,kwh,lv,electricity,2300,5,2.25,0,Latvia,25,0.102272727,1
612,kwh,lv,electricity,2392,5.2,2.34,0,Latvia,26,0.106363636,1
613,kwh,lv,electricity,2484,5.4,2.43,0,Latvia,27,0.110454545,1
614,kwh,lv,electricity,2576,5.6,2.52,0,Latvia,28,0.114545455,1
615,kwh,lv,electricity,2668,5.8,2.61,0,Latvia,29,0.118636364,1
616,kwh,lv,electricity,2760,6,2.7,0,Latvia,30,0.122727273,1
617,kwh,lv,electricity,2852,6.2,2.79,0,Latvia,31,0.126818182,1
618,kwh,lv,electricity,2944,6.4,2.88,0,Latvia,32,0.130909091,1
619,kwh,lv,electricity,3036,6.6,2.97,0,Latvia,33,0.135,1
620,kwh,lv,electricity,3128,6.8,3.06,0,Latvia,34,0.139090909,1
621,kwh,lv,electricity,3220,7,3.15,0,Latvia,35,0.143181818,1
622,kwh,lv,electricity,3312,7.2,3.24,0,Latvia,36,0.147272727,1
623,kwh,lv,electricity,3404,7.4,3.33,0,Latvia,37,0.151363636,1
624,kwh,lv,electricity,3496,7.6,3.42,0,Latvia,38,0.155454545,1
625,kwh,lv,electricity,3588,7.8,3.51,0,Latvia,39,0.159545455,1
626,kwh,lv,electricity,3680,8,3.6,0,Latvia,40,0.163636364,1
627,kwh,lv,electricity,3772,8.2,3.69,0,Latvia,41,0.167727273,1
628,kwh,lv,electricity,3864,8.4,3.78,0,Latvia,42,0.171818182,1
629,kwh,lv,electricity,3956,8.6,3.87,0,Latvia,43,0.175909091,1
630,kwh,lv,electricity,4048,8.8,3.96,0,Latvia,44,0.18,1
631,kwh,lv,electricity,4140,9,4.05,0,Latvia,45,0.184090909,1
632,kwh,lv,electricity,4232,9.2,4.14,0,Latvia,46,0.188181818,1
633,kwh,lv,electricity,4324,9.4,4.23,0,Latvia,47,0.192272727,1
634,kwh,lv,electricity,4416,9.6,4.32,0,Latvia,48,0.196363636,1
635,kwh,lv,electricity,4508,9.8,4.41,0,Latvia,49,0.200454545,1
636,kwh,lv,electricity,4600,10,4.5,0,Latvia,50,0.204545455,1
637,kwh,lt,electricity,292,0.64,0.3,0,Lithuania,2,0.013636364,1
638,kwh,lt,electricity,438,0.96,0.45,0,Lithuania,3,0.020454545,1
639,kwh,lt,electricity,584,1.28,0.6,0,Lithuania,4,0.027272727,1
640,kwh,lt,electricity,730,1.6,0.75,0,Lithuania,5,0.034090909,1
641,kwh,lt,electricity,876,1.92,0.9,0,Lithuania,6,0.040909091,1
642,kwh,lt,electricity,1022,2.24,1.05,0,Lithuania,7,0.047727273,1
643,kwh,lt,electricity,1168,2.56,1.2,0,Lithuania,8,0.054545455,1
644,kwh,lt,electricity,1314,2.88,1.35,0,Lithuania,9,0.061363636,1
645,kwh,lt,electricity,1460,3.2,1.5,0,Lithuania,10,0.068181818,1
646,kwh,lt,electricity,1606,3.52,1.65,0,Lithuania,11,0.075,1
647,kwh,lt,electricity,1752,3.84,1.8,0,Lithuania,12,0.081818182,1
648,kwh,lt,electricity,1898,4.16,1.95,0,Lithuania,13,0.088636364,1
649,kwh,lt,electricity,2044,4.48,2.1,0,Lithuania,14,0.095454545,1
650,kwh,lt,electricity,2190,4.8,2.25,0,Lithuania,15,0.102272727,1
651,kwh,lt,electricity,2336,5.12,2.4,0,Lithuania,16,0.109090909,1
652,kwh,lt,electricity,2482,5.44,2.55,0,Lithuania,17,0.115909091,1
653,kwh,lt,electricity,2628,5.76,2.7,0,Lithuania,18,0.122727273,1
654,kwh,lt,electricity,2774,6.08,2.85,0,Lithuania,19,0.129545455,1
655,kwh,lt,electricity,2920,6.4,3,0,Lithuania,20,0.136363636,1
656,kwh,lt,electricity,3066,6.72,3.15,0,Lithuania,21,0.143181818,1
657,kwh,lt,electricity,3212,7.04,3.3,0,Lithuania,22,0.15,1
658,kwh,lt,electricity,3358,7.36,3.45,0,Lithuania,23,0.156818182,1
659,kwh,lt,electricity,3504,7.68,3.6,0,Lithuania,24,0.163636364,1
660,kwh,lt,electricity,3650,8,3.75,0,Lithuania,25,0.170454545,1
661,kwh,lt,electricity,3796,8.32,3.9,0,Lithuania,26,0.177272727,1
662,kwh,lt,electricity,3942,8.64,4.05,0,Lithuania,27,0.184090909,1
663,kwh,lt,electricity,4088,8.96,4.2,0,Lithuania,28,0.190909091,1
664,kwh,lt,electricity,4234,9.28,4.35,0,Lithuania,29,0.197727273,1
665,kwh,lt,electricity,4380,9.6,4.5,0,Lithuania,30,0.204545455,1
666,kwh,lt,electricity,4526,9.92,4.65,0,Lithuania,31,0.211363636,1
667,kwh,lt,electricity,4672,10.24,4.8,0,Lithuania,32,0.218181818,1
668,kwh,lt,electricity,4818,10.56,4.95,0,Lithuania,33,0.225,1
669,kwh,lt,electricity,4964,10.88,5.1,0,Lithuania,34,0.231818182,1
670,kwh,lt,electricity,5110,11.2,5.25,0,Lithuania,35,0.238636364,1
671,kwh,lt,electricity,5256,11.52,5.4,0,Lithuania,36,0.245454545,1
672,kwh,lt,electricity,5402,11.84,5.55,0,Lithuania,37,0.252272727,1
673,kwh,lt,electricity,5548,12.16,5.7,0,Lithuania,38,0.259090909,1
674,kwh,lt,electricity,5694,12.48,5.85,0,Lithuania,39,0.265909091,1
675,kwh,lt,electricity,5840,12.8,6,0,Lithuania,40,0.272727273,1
676,kwh,lt,electricity,5986,13.12,6.15,0,Lithuania,41,0.279545455,1
677,kwh,lt,electricity,6132,13.44,6.3,0,Lithuania,42,0.286363636,1
678,kwh,lt,electricity,6278,13.76,6.45,0,Lithuania,43,0.293181818,1
679,kwh,lt,electricity,6424,14.08,6.6,0,Lithuania,44,0.3,1
680,kwh,lt,electricity,6570,14.4,6.75,0,Lithuania,45,0.306818182,1
681,kwh,lt,electricity,6716,14.72,6.9,0,Lithuania,46,0.313636364,1
682,kwh,lt,electricity,6862,15.04,7.05,0,Lithuania,47,0.320454545,1
683,kwh,lt,electricity,7008,15.36,7.2,0,Lithuania,48,0.327272727,1
684,kwh,lt,electricity,7154,15.68,7.35,0,Lithuania,49,0.334090909,1
685,kwh,lt,electricity,7300,16,7.5,0,Lithuania,50,0.340909091,1
686,kwh,lu,electricity,138,0.3,0.14,0,Luxembourg,2,0.006363636,1
687,kwh,lu,electricity,207,0.45,0.21,0,Luxembourg,3,0.009545455,1
688,kwh,lu,electricity,276,0.6,0.28,0,Luxembourg,4,0.012727273,1
689,kwh,lu,electricity,345,0.75,0.35,0,Luxembourg,5,0.015909091,1
690,kwh,lu,electricity,414,0.9,0.42,0,Luxembourg,6,0.019090909,1
691,kwh,lu,electricity,483,1.05,0.49,0,Luxembourg,7,0.022272727,1
692,kwh,lu,electricity,552,1.2,0.56,0,Luxembourg,8,0.025454545,1
693,kwh,lu,electricity,621,1.35,0.63,0,Luxembourg,9,0.028636364,1
694,kwh,lu,electricity,690,1.5,0.7,0,Luxembourg,10,0.031818182,1
695,kwh,lu,electricity,759,1.65,0.77,0,Luxembourg,11,0.035,1
696,kwh,lu,electricity,828,1.8,0.84,0,Luxembourg,12,0.038181818,1
697,kwh,lu,electricity,897,1.95,0.91,0,Luxembourg,13,0.041363636,1
698,kwh,lu,electricity,966,2.1,0.98,0,Luxembourg,14,0.044545455,1
699,kwh,lu,electricity,1035,2.25,1.05,0,Luxembourg,15,0.047727273,1
700,kwh,lu,electricity,1104,2.4,1.12,0,Luxembourg,16,0.050909091,1
701,kwh,lu,electricity,1173,2.55,1.19,0,Luxembourg,17,0.054090909,1
702,kwh,lu,electricity,1242,2.7,1.26,0,Luxembourg,18,0.057272727,1
703,kwh,lu,electricity,1311,2.85,1.33,0,Luxembourg,19,0.060454545,1
704,kwh,lu,electricity,1380,3,1.4,0,Luxembourg,20,0.063636364,1
705,kwh,lu,electricity,1449,3.15,1.47,0,Luxembourg,21,0.066818182,1
706,kwh,lu,electricity,1518,3.3,1.54,0,Luxembourg,22,0.07,1
707,kwh,lu,electricity,1587,3.45,1.61,0,Luxembourg,23,0.073181818,1
708,kwh,lu,electricity,1656,3.6,1.68,0,Luxembourg,24,0.076363636,1
709,kwh,lu,electricity,1725,3.75,1.75,0,Luxembourg,25,0.079545455,1
710,kwh,lu,electricity,1794,3.9,1.82,0,Luxembourg,26,0.082727273,1
711,kwh,lu,electricity,1863,4.05,1.89,0,Luxembourg,27,0.085909091,1
712,kwh,lu,electricity,1932,4.2,1.96,0,Luxembourg,28,0.089090909,1
713,kwh,lu,electricity,2001,4.35,2.03,0,Luxembourg,29,0.092272727,1
714,kwh,lu,electricity,2070,4.5,2.1,0,Luxembourg,30,0.095454545,1
715,kwh,lu,electricity,2139,4.65,2.17,0,Luxembourg,31,0.098636364,1
716,kwh,lu,electricity,2208,4.8,2.24,0,Luxembourg,32,0.101818182,1
717,kwh,lu,electricity,2277,4.95,2.31,0,Luxembourg,33,0.105,1
718,kwh,lu,electricity,2346,5.1,2.38,0,Luxembourg,34,0.108181818,1
719,kwh,lu,electricity,2415,5.25,2.45,0,Luxembourg,35,0.111363636,1
720,kwh,lu,electricity,2484,5.4,2.52,0,Luxembourg,36,0.114545455,1
721,kwh,lu,electricity,2553,5.55,2.59,0,Luxembourg,37,0.117727273,1
722,kwh,lu,electricity,2622,5.7,2.66,0,Luxembourg,38,0.120909091,1
723,kwh,lu,electricity,2691,5.85,2.73,0,Luxembourg,39,0.124090909,1
724,kwh,lu,electricity,2760,6,2.8,0,Luxembourg,40,0.127272727,1
725,kwh,lu,electricity,2829,6.15,2.87,0,Luxembourg,41,0.130454545,1
726,kwh,lu,electricity,2898,6.3,2.94,0,Luxembourg,42,0.133636364,1
727,kwh,lu,electricity,2967,6.45,3.01,0,Luxembourg,43,0.136818182,1
728,kwh,lu,electricity,3036,6.6,3.08,0,Luxembourg,44,0.14,1
729,kwh,lu,electricity,3105,6.75,3.15,0,Luxembourg,45,0.143181818,1
730,kwh,lu,electricity,3174,6.9,3.22,0,Luxembourg,46,0.146363636,1
731,kwh,lu,electricity,3243,7.05,3.29,0,Luxembourg,47,0.149545455,1
732,kwh,lu,electricity,3312,7.2,3.36,0,Luxembourg,48,0.152727273,1
733,kwh,lu,electricity,3381,7.35,3.43,0,Luxembourg,49,0.155909091,1
734,kwh,lu,electricity,3450,7.5,3.5,0,Luxembourg,50,0.159090909,1
735,kwh,mt,electricity,712,1.56,0.72,0,Malta,2,0.032727273,1
736,kwh,mt,electricity,1068,2.34,1.08,0,Malta,3,0.049090909,1
737,kwh,mt,electricity,1424,3.12,1.44,0,Malta,4,0.065454545,1
738,kwh,mt,electricity,1780,3.9,1.8,0,Malta,5,0.081818182,1
739,kwh,mt,electricity,2136,4.68,2.16,0,Malta,6,0.098181818,1
740,kwh,mt,electricity,2492,5.46,2.52,0,Malta,7,0.114545455,1
741,kwh,mt,electricity,2848,6.24,2.88,0,Malta,8,0.130909091,1
742,kwh,mt,electricity,3204,7.02,3.24,0,Malta,9,0.147272727,1
743,kwh,mt,electricity,3560,7.8,3.6,0,Malta,10,0.163636364,1
744,kwh,mt,electricity,3916,8.58,3.96,0,Malta,11,0.18,1
745,kwh,mt,electricity,4272,9.36,4.32,0,Malta,12,0.196363636,1
746,kwh,mt,electricity,4628,10.14,4.68,0,Malta,13,0.212727273,1
747,kwh,mt,electricity,4984,10.92,5.04,0,Malta,14,0.229090909,1
748,kwh,mt,electricity,5340,11.7,5.4,0,Malta,15,0.245454545,1
749,kwh,mt,electricity,5696,12.48,5.76,0,Malta,16,0.261818182,1
750,kwh,mt,electricity,6052,13.26,6.12,0,Malta,17,0.278181818,1
751,kwh,mt,electricity,6408,14.04,6.48,0,Malta,18,0.294545455,1
752,kwh,mt,electricity,6764,14.82,6.84,0,Malta,19,0.310909091,1
753,kwh,mt,electricity,7120,15.6,7.2,0,Malta,20,0.327272727,1
754,kwh,mt,electricity,7476,16.38,7.56,0,Malta,21,0.343636364,1
755,kwh,mt,electricity,7832,17.16,7.92,0,Malta,22,0.36,1
756,kwh,mt,electricity,8188,17.94,8.28,0,Malta,23,0.376363636,1
757,kwh,mt,electricity,8544,18.72,8.64,0,Malta,24,0.392727273,1
758,kwh,mt,electricity,8900,19.5,9,0,Malta,25,0.409090909,1
759,kwh,mt,electricity,9256,20.28,9.36,0,Malta,26,0.425454545,1
760,kwh,mt,electricity,9612,21.06,9.72,0,Malta,27,0.441818182,1
761,kwh,mt,electricity,9968,21.84,10.08,0,Malta,28,0.458181818,1
762,kwh,mt,electricity,10324,22.62,10.44,0,Malta,29,0.474545455,1
763,kwh,mt,electricity,10680,23.4,10.8,0,Malta,30,0.490909091,1
764,kwh,mt,electricity,11036,24.18,11.16,0,Malta,31,0.507272727,1
765,kwh,mt,electricity,11392,24.96,11.52,0,Malta,32,0.523636364,1
766,kwh,mt,electricity,11748,25.74,11.88,0,Malta,33,0.54,1
767,kwh,mt,electricity,12104,26.52,12.24,0,Malta,34,0.556363636,1
768,kwh,mt,electricity,12460,27.3,12.6,0,Malta,35,0.572727273,1
769,kwh,mt,electricity,12816,28.08,12.96,0,Malta,36,0.589090909,1
770,kwh,mt,electricity,13172,28.86,13.32,0,Malta,37,0.605454545,1
771,kwh,mt,electricity,13528,29.64,13.68,0,Malta,38,0.621818182,1
772,kwh,mt,electricity,13884,30.42,14.04,0,Malta,39,0.638181818,1
773,kwh,mt,electricity,14240,31.2,14.4,0,Malta,40,0.654545455,1
774,kwh,mt,electricity,14596,31.98,14.76,0,Malta,41,0.670909091,1
775,kwh,mt,electricity,14952,32.76,15.12,0,Malta,42,0.687272727,1
776,kwh,mt,electricity,15308,33.54,15.48,0,Malta,43,0.703636364,1
777,kwh,mt,electricity,15664,34.32,15.84,0,Malta,44,0.72,1
778,kwh,mt,electricity,16020,35.1,16.2,0,Malta,45,0.736363636,1
779,kwh,mt,electricity,16376,35.88,16.56,0,Malta,46,0.752727273,1
780,kwh,mt,electricity,16732,36.66,16.92,0,Malta,47,0.769090909,1
781,kwh,mt,electricity,17088,37.44,17.28,0,Malta,48,0.785454545,1
782,kwh,mt,electricity,17444,38.22,17.64,0,Malta,49,0.801818182,1
783,kwh,mt,electricity,17800,39,18,0,Malta,50,0.818181818,1
784,kwh,pl,electricity,1448,3.2,1.44,0,Poland,2,0.065454545,1
785,kwh,pl,electricity,2172,4.8,2.16,0,Poland,3,0.098181818,1
786,kwh,pl,electricity,2896,6.4,2.88,0,Poland,4,0.130909091,1
787,kwh,pl,electricity,3620,8,3.6,0,Poland,5,0.163636364,1
788,kwh,pl,electricity,4344,9.6,4.32,0,Poland,6,0.196363636,1
789,kwh,pl,electricity,5068,11.2,5.04,0,Poland,7,0.229090909,1
790,kwh,pl,electricity,5792,12.8,5.76,0,Poland,8,0.261818182,1
791,kwh,pl,electricity,6516,14.4,6.48,0,Poland,9,0.294545455,1
792,kwh,pl,electricity,7240,16,7.2,0,Poland,10,0.327272727,1
793,kwh,pl,electricity,7964,17.6,7.92,0,Poland,11,0.36,1
794,kwh,pl,electricity,8688,19.2,8.64,0,Poland,12,0.392727273,1
795,kwh,pl,electricity,9412,20.8,9.36,0,Poland,13,0.425454545,1
796,kwh,pl,electricity,10136,22.4,10.08,0,Poland,14,0.458181818,1
797,kwh,pl,electricity,10860,24,10.8,0,Poland,15,0.490909091,1
798,kwh,pl,electricity,11584,25.6,11.52,0,Poland,16,0.523636364,1
799,kwh,pl,electricity,12308,27.2,12.24,0,Poland,17,0.556363636,1
800,kwh,pl,electricity,13032,28.8,12.96,0,Poland,18,0.589090909,1
801,kwh,pl,electricity,13756,30.4,13.68,0,Poland,19,0.621818182,1
802,kwh,pl,electricity,14480,32,14.4,0,Poland,20,0.654545455,1
803,kwh,pl,electricity,15204,33.6,15.12,0,Poland,21,0.687272727,1
804,kwh,pl,electricity,15928,35.2,15.84,0,Poland,22,0.72,1
805,kwh,pl,electricity,16652,36.8,16.56,0,Poland,23,0.752727273,1
806,kwh,pl,electricity,17376,38.4,17.28,0,Poland,24,0.785454545,1
807,kwh,pl,electricity,18100,40,18,0,Poland,25,0.818181818,1
808,kwh,pl,electricity,18824,41.6,18.72,0,Poland,26,0.850909091,1
809,kwh,pl,electricity,19548,43.2,19.44,0,Poland,27,0.883636364,1
810,kwh,pl,electricity,20272,44.8,20.16,0,Poland,28,0.916363636,1
811,kwh,pl,electricity,20996,46.4,20.88,0,Poland,29,0.949090909,1
812,kwh,pl,electricity,21720,48,21.6,0,Poland,30,0.981818182,1
813,kwh,pl,electricity,22444,49.6,22.32,0,Poland,31,1.014545455,2
814,kwh,pl,electricity,23168,51.2,23.04,0,Poland,32,1.047272727,2
815,kwh,pl,electricity,23892,52.8,23.76,0,Poland,33,1.08,2
816,kwh,pl,electricity,24616,54.4,24.48,0,Poland,34,1.112727273,2
817,kwh,pl,electricity,25340,56,25.2,0,Poland,35,1.145454545,2
818,kwh,pl,electricity,26064,57.6,25.92,0,Poland,36,1.178181818,2
819,kwh,pl,electricity,26788,59.2,26.64,0,Poland,37,1.210909091,2
820,kwh,pl,electricity,27512,60.8,27.36,0,Poland,38,1.243636364,2
821,kwh,pl,electricity,28236,62.4,28.08,0,Poland,39,1.276363636,2
822,kwh,pl,electricity,28960,64,28.8,0,Poland,40,1.309090909,2
823,kwh,pl,electricity,29684,65.6,29.52,0,Poland,41,1.341818182,2
824,kwh,pl,electricity,30408,67.2,30.24,0,Poland,42,1.374545455,2
825,kwh,pl,electricity,31132,68.8,30.96,0,Poland,43,1.407272727,2
826,kwh,pl,electricity,31856,70.4,31.68,0,Poland,44,1.44,2
827,kwh,pl,electricity,32580,72,32.4,0,Poland,45,1.472727273,2
828,kwh,pl,electricity,33304,73.6,33.12,0,Poland,46,1.505454545,2
829,kwh,pl,electricity,34028,75.2,33.84,0,Poland,47,1.538181818,2
830,kwh,pl,electricity,34752,76.8,34.56,0,Poland,48,1.570909091,2
831,kwh,pl,electricity,35476,78.4,35.28,0,Poland,49,1.603636364,2
832,kwh,pl,electricity,36200,80,36,0,Poland,50,1.636363636,2
833,kwh,ro,electricity,416,0.92,0.42,0,Romania,2,0.019090909,1
834,kwh,ro,electricity,624,1.38,0.63,0,Romania,3,0.028636364,1
835,kwh,ro,electricity,832,1.84,0.84,0,Romania,4,0.038181818,1
836,kwh,ro,electricity,1040,2.3,1.05,0,Romania,5,0.047727273,1
837,kwh,ro,electricity,1248,2.76,1.26,0,Romania,6,0.057272727,1
838,kwh,ro,electricity,1456,3.22,1.47,0,Romania,7,0.066818182,1
839,kwh,ro,electricity,1664,3.68,1.68,0,Romania,8,0.076363636,1
840,kwh,ro,electricity,1872,4.14,1.89,0,Romania,9,0.085909091,1
841,kwh,ro,electricity,2080,4.6,2.1,0,Romania,10,0.095454545,1
842,kwh,ro,electricity,2288,5.06,2.31,0,Romania,11,0.105,1
843,kwh,ro,electricity,2496,5.52,2.52,0,Romania,12,0.114545455,1
844,kwh,ro,electricity,2704,5.98,2.73,0,Romania,13,0.124090909,1
845,kwh,ro,electricity,2912,6.44,2.94,0,Romania,14,0.133636364,1
846,kwh,ro,electricity,3120,6.9,3.15,0,Romania,15,0.143181818,1
847,kwh,ro,electricity,3328,7.36,3.36,0,Romania,16,0.152727273,1
848,kwh,ro,electricity,3536,7.82,3.57,0,Romania,17,0.162272727,1
849,kwh,ro,electricity,3744,8.28,3.78,0,Romania,18,0.171818182,1
850,kwh,ro,electricity,3952,8.74,3.99,0,Romania,19,0.181363636,1
851,kwh,ro,electricity,4160,9.2,4.2,0,Romania,20,0.190909091,1
852,kwh,ro,electricity,4368,9.66,4.41,0,Romania,21,0.200454545,1
853,kwh,ro,electricity,4576,10.12,4.62,0,Romania,22,0.21,1
854,kwh,ro,electricity,4784,10.58,4.83,0,Romania,23,0.219545455,1
855,kwh,ro,electricity,4992,11.04,5.04,0,Romania,24,0.229090909,1
856,kwh,ro,electricity,5200,11.5,5.25,0,Romania,25,0.238636364,1
857,kwh,ro,electricity,5408,11.96,5.46,0,Romania,26,0.248181818,1
858,kwh,ro,electricity,5616,12.42,5.67,0,Romania,27,0.257727273,1
859,kwh,ro,electricity,5824,12.88,5.88,0,Romania,28,0.267272727,1
860,kwh,ro,electricity,6032,13.34,6.09,0,Romania,29,0.276818182,1
861,kwh,ro,electricity,6240,13.8,6.3,0,Romania,30,0.286363636,1
862,kwh,ro,electricity,6448,14.26,6.51,0,Romania,31,0.295909091,1
863,kwh,ro,electricity,6656,14.72,6.72,0,Romania,32,0.305454545,1
864,kwh,ro,electricity,6864,15.18,6.93,0,Romania,33,0.315,1
865,kwh,ro,electricity,7072,15.64,7.14,0,Romania,34,0.324545455,1
866,kwh,ro,electricity,7280,16.1,7.35,0,Romania,35,0.334090909,1
867,kwh,ro,electricity,7488,16.56,7.56,0,Romania,36,0.343636364,1
868,kwh,ro,electricity,7696,17.02,7.77,0,Romania,37,0.353181818,1
869,kwh,ro,electricity,7904,17.48,7.98,0,Romania,38,0.362727273,1
870,kwh,ro,electricity,8112,17.94,8.19,0,Romania,39,0.372272727,1
871,kwh,ro,electricity,8320,18.4,8.4,0,Romania,40,0.381818182,1
872,kwh,ro,electricity,8528,18.86,8.61,0,Romania,41,0.391363636,1
873,kwh,ro,electricity,8736,19.32,8.82,0,Romania,42,0.400909091,1
874,kwh,ro,electricity,8944,19.78,9.03,0,Romania,43,0.410454545,1
875,kwh,ro,electricity,9152,20.24,9.24,0,Romania,44,0.42,1
876,kwh,ro,electricity,9360,20.7,9.45,0,Romania,45,0.429545455,1
877,kwh,ro,electricity,9568,21.16,9.66,0,Romania,46,0.439090909,1
878,kwh,ro,electricity,9776,21.62,9.87,0,Romania,47,0.448636364,1
879,kwh,ro,electricity,9984,22.08,10.08,0,Romania,48,0.458181818,1
880,kwh,ro,electricity,10192,22.54,10.29,0,Romania,49,0.467727273,1
881,kwh,ro,electricity,10400,23,10.5,0,Romania,50,0.477272727,1
882,kwh,sk,electricity,180,0.4,0.18,0,Slovakia,2,0.008181818,1
883,kwh,sk,electricity,270,0.6,0.27,0,Slovakia,3,0.012272727,1
884,kwh,sk,electricity,360,0.8,0.36,0,Slovakia,4,0.016363636,1
885,kwh,sk,electricity,450,1,0.45,0,Slovakia,5,0.020454545,1
886,kwh,sk,electricity,540,1.2,0.54,0,Slovakia,6,0.024545455,1
887,kwh,sk,electricity,630,1.4,0.63,0,Slovakia,7,0.028636364,1
888,kwh,sk,electricity,720,1.6,0.72,0,Slovakia,8,0.032727273,1
889,kwh,sk,electricity,810,1.8,0.81,0,Slovakia,9,0.036818182,1
890,kwh,sk,electricity,900,2,0.9,0,Slovakia,10,0.040909091,1
891,kwh,sk,electricity,990,2.2,0.99,0,Slovakia,11,0.045,1
892,kwh,sk,electricity,1080,2.4,1.08,0,Slovakia,12,0.049090909,1
893,kwh,sk,electricity,1170,2.6,1.17,0,Slovakia,13,0.053181818,1
894,kwh,sk,electricity,1260,2.8,1.26,0,Slovakia,14,0.057272727,1
895,kwh,sk,electricity,1350,3,1.35,0,Slovakia,15,0.061363636,1
896,kwh,sk,electricity,1440,3.2,1.44,0,Slovakia,16,0.065454545,1
897,kwh,sk,electricity,1530,3.4,1.53,0,Slovakia,17,0.069545455,1
898,kwh,sk,electricity,1620,3.6,1.62,0,Slovakia,18,0.073636364,1
899,kwh,sk,electricity,1710,3.8,1.71,0,Slovakia,19,0.077727273,1
900,kwh,sk,electricity,1800,4,1.8,0,Slovakia,20,0.081818182,1
901,kwh,sk,electricity,1890,4.2,1.89,0,Slovakia,21,0.085909091,1
902,kwh,sk,electricity,1980,4.4,1.98,0,Slovakia,22,0.09,1
903,kwh,sk,electricity,2070,4.6,2.07,0,Slovakia,23,0.094090909,1
904,kwh,sk,electricity,2160,4.8,2.16,0,Slovakia,24,0.098181818,1
905,kwh,sk,electricity,2250,5,2.25,0,Slovakia,25,0.102272727,1
906,kwh,sk,electricity,2340,5.2,2.34,0,Slovakia,26,0.106363636,1
907,kwh,sk,electricity,2430,5.4,2.43,0,Slovakia,27,0.110454545,1
908,kwh,sk,electricity,2520,5.6,2.52,0,Slovakia,28,0.114545455,1
909,kwh,sk,electricity,2610,5.8,2.61,0,Slovakia,29,0.118636364,1
910,kwh,sk,electricity,2700,6,2.7,0,Slovakia,30,0.122727273,1
911,kwh,sk,electricity,2790,6.2,2.79,0,Slovakia,31,0.126818182,1
912,kwh,sk,electricity,2880,6.4,2.88,0,Slovakia,32,0.130909091,1
913,kwh,sk,electricity,2970,6.6,2.97,0,Slovakia,33,0.135,1
914,kwh,sk,electricity,3060,6.8,3.06,0,Slovakia,34,0.139090909,1
915,kwh,sk,electricity,3150,7,3.15,0,Slovakia,35,0.143181818,1
916,kwh,sk,electricity,3240,7.2,3.24,0,Slovakia,36,0.147272727,1
917,kwh,sk,electricity,3330,7.4,3.33,0,Slovakia,37,0.151363636,1
918,kwh,sk,electricity,3420,7.6,3.42,0,Slovakia,38,0.155454545,1
919,kwh,sk,electricity,3510,7.8,3.51,0,Slovakia,39,0.159545455,1
920,kwh,sk,electricity,3600,8,3.6,0,Slovakia,40,0.163636364,1
921,kwh,sk,electricity,3690,8.2,3.69,0,Slovakia,41,0.167727273,1
922,kwh,sk,electricity,3780,8.4,3.78,0,Slovakia,42,0.171818182,1
923,kwh,sk,electricity,3870,8.6,3.87,0,Slovakia,43,0.175909091,1
924,kwh,sk,electricity,3960,8.8,3.96,0,Slovakia,44,0.18,1
925,kwh,sk,electricity,4050,9,4.05,0,Slovakia,45,0.184090909,1
926,kwh,sk,electricity,4140,9.2,4.14,0,Slovakia,46,0.188181818,1
927,kwh,sk,electricity,4230,9.4,4.23,0,Slovakia,47,0.192272727,1
928,kwh,sk,electricity,4320,9.6,4.32,0,Slovakia,48,0.196363636,1
929,kwh,sk,electricity,4410,9.8,4.41,0,Slovakia,49,0.200454545,1
930,kwh,sk,electricity,4500,10,4.5,0,Slovakia,50,0.204545455,1
931,kwh,gr,electricity,1044,2.3,1.04,0,Greece,2,0.047272727,1
932,kwh,gr,electricity,1566,3.45,1.56,0,Greece,3,0.070909091,1
933,kwh,gr,electricity,2088,4.6,2.08,0,Greece,4,0.094545455,1
934,kwh,gr,electricity,2610,5.75,2.6,0,Greece,5,0.118181818,1
935,kwh,gr,electricity,3132,6.9,3.12,0,Greece,6,0.141818182,1
936,kwh,gr,electricity,3654,8.05,3.64,0,Greece,7,0.165454545,1
937,kwh,gr,electricity,4176,9.2,4.16,0,Greece,8,0.189090909,1
938,kwh,gr,electricity,4698,10.35,4.68,0,Greece,9,0.212727273,1
939,kwh,gr,electricity,5220,11.5,5.2,0,Greece,10,0.236363636,1
940,kwh,gr,electricity,5742,12.65,5.72,0,Greece,11,0.26,1
941,kwh,gr,electricity,6264,13.8,6.24,0,Greece,12,0.283636364,1
942,kwh,gr,electricity,6786,14.95,6.76,0,Greece,13,0.307272727,1
943,kwh,gr,electricity,7308,16.1,7.28,0,Greece,14,0.330909091,1
944,kwh,gr,electricity,7830,17.25,7.8,0,Greece,15,0.354545455,1
945,kwh,gr,electricity,8352,18.4,8.32,0,Greece,16,0.378181818,1
946,kwh,gr,electricity,8874,19.55,8.84,0,Greece,17,0.401818182,1
947,kwh,gr,electricity,9396,20.7,9.36,0,Greece,18,0.425454545,1
948,kwh,gr,electricity,9918,21.85,9.88,0,Greece,19,0.449090909,1
949,kwh,gr,electricity,10440,23,10.4,0,Greece,20,0.472727273,1
950,kwh,gr,electricity,10962,24.15,10.92,0,Greece,21,0.496363636,1
951,kwh,gr,electricity,11484,25.3,11.44,0,Greece,22,0.52,1
952,kwh,gr,electricity,12006,26.45,11.96,0,Greece,23,0.543636364,1
953,kwh,gr,electricity,12528,27.6,12.48,0,Greece,24,0.567272727,1
954,kwh,gr,electricity,13050,28.75,13,0,Greece,25,0.590909091,1
955,kwh,gr,electricity,13572,29.9,13.52,0,Greece,26,0.614545455,1
956,kwh,gr,electricity,14094,31.05,14.04,0,Greece,27,0.638181818,1
957,kwh,gr,electricity,14616,32.2,14.56,0,Greece,28,0.661818182,1
958,kwh,gr,electricity,15138,33.35,15.08,0,Greece,29,0.685454545,1
959,kwh,gr,electricity,15660,34.5,15.6,0,Greece,30,0.709090909,1
960,kwh,gr,electricity,16182,35.65,16.12,0,Greece,31,0.732727273,1
961,kwh,gr,electricity,16704,36.8,16.64,0,Greece,32,0.756363636,1
962,kwh,gr,electricity,17226,37.95,17.16,0,Greece,33,0.78,1
963,kwh,gr,electricity,17748,39.1,17.68,0,Greece,34,0.803636364,1
964,kwh,gr,electricity,18270,40.25,18.2,0,Greece,35,0.827272727,1
965,kwh,gr,electricity,18792,41.4,18.72,0,Greece,36,0.850909091,1
966,kwh,gr,electricity,19314,42.55,19.24,0,Greece,37,0.874545455,1
967,kwh,gr,electricity,19836,43.7,19.76,0,Greece,38,0.898181818,1
968,kwh,gr,electricity,20358,44.85,20.28,0,Greece,39,0.921818182,1
969,kwh,gr,electricity,20880,46,20.8,0,Greece,40,0.945454545,1
970,kwh,gr,electricity,21402,47.15,21.32,0,Greece,41,0.969090909,1
971,kwh,gr,electricity,21924,48.3,21.84,0,Greece,42,0.992727273,1
972,kwh,gr,electricity,22446,49.45,22.36,0,Greece,43,1.016363636,2
973,kwh,gr,electricity,22968,50.6,22.88,0,Greece,44,1.04,2
974,kwh,gr,electricity,23490,51.75,23.4,0,Greece,45,1.063636364,2
975,kwh,gr,electricity,24012,52.9,23.92,0,Greece,46,1.087272727,2
976,kwh,gr,electricity,24534,54.05,24.44,0,Greece,47,1.110909091,2
977,kwh,gr,electricity,25056,55.2,24.96,0,Greece,48,1.134545455,2
978,kwh,gr,electricity,25578,56.35,25.48,0,Greece,49,1.158181818,2
979,kwh,gr,electricity,26100,57.5,26,0,Greece,50,1.181818182,2
980,kwh,pt,electricity,402,0.88,0.4,0,Portugal,2,0.018181818,1
981,kwh,pt,electricity,603,1.32,0.6,0,Portugal,3,0.027272727,1
982,kwh,pt,electricity,804,1.76,0.8,0,Portugal,4,0.036363636,1
983,kwh,pt,electricity,1005,2.2,1,0,Portugal,5,0.045454545,1
984,kwh,pt,electricity,1206,2.64,1.2,0,Portugal,6,0.054545455,1
985,kwh,pt,electricity,1407,3.08,1.4,0,Portugal,7,0.063636364,1
986,kwh,pt,electricity,1608,3.52,1.6,0,Portugal,8,0.072727273,1
987,kwh,pt,electricity,1809,3.96,1.8,0,Portugal,9,0.081818182,1
988,kwh,pt,electricity,2010,4.4,2,0,Portugal,10,0.090909091,1
989,kwh,pt,electricity,2211,4.84,2.2,0,Portugal,11,0.1,1
990,kwh,pt,electricity,2412,5.28,2.4,0,Portugal,12,0.109090909,1
991,kwh,pt,electricity,2613,5.72,2.6,0,Portugal,13,0.118181818,1
992,kwh,pt,electricity,2814,6.16,2.8,0,Portugal,14,0.127272727,1
993,kwh,pt,electricity,3015,6.6,3,0,Portugal,15,0.136363636,1
994,kwh,pt,electricity,3216,7.04,3.2,0,Portugal,16,0.145454545,1
995,kwh,pt,electricity,3417,7.48,3.4,0,Portugal,17,0.154545455,1
996,kwh,pt,electricity,3618,7.92,3.6,0,Portugal,18,0.163636364,1
997,kwh,pt,electricity,3819,8.36,3.8,0,Portugal,19,0.172727273,1
998,kwh,pt,electricity,4020,8.8,4,0,Portugal,20,0.181818182,1
999,kwh,pt,electricity,4221,9.24,4.2,0,Portugal,21,0.190909091,1
1000,kwh,pt,electricity,4422,9.68,4.4,0,Portugal,22,0.2,1
1001,kwh,pt,electricity,4623,10.12,4.6,0,Portugal,23,0.209090909,1
1002,kwh,pt,electricity,4824,10.56,4.8,0,Portugal,24,0.218181818,1
1003,kwh,pt,electricity,5025,11,5,0,Portugal,25,0.227272727,1
1004,kwh,pt,electricity,5226,11.44,5.2,0,Portugal,26,0.236363636,1
1005,kwh,pt,electricity,5427,11.88,5.4,0,Portugal,27,0.245454545,1
1006,kwh,pt,electricity,5628,12.32,5.6,0,Portugal,28,0.254545455,1
1007,kwh,pt,electricity,5829,12.76,5.8,0,Portugal,29,0.263636364,1
1008,kwh,pt,electricity,6030,13.2,6,0,Portugal,30,0.272727273,1
1009,kwh,pt,electricity,6231,13.64,6.2,0,Portugal,31,0.281818182,1
1010,kwh,pt,electricity,6432,14.08,6.4,0,Portugal,32,0.290909091,1
1011,kwh,pt,electricity,6633,14.52,6.6,0,Portugal,33,0.3,1
1012,kwh,pt,electricity,6834,14.96,6.8,0,Portugal,34,0.309090909,1
1013,kwh,pt,electricity,7035,15.4,7,0,Portugal,35,0.318181818,1
1014,kwh,pt,electricity,7236,15.84,7.2,0,Portugal,36,0.327272727,1
1015,kwh,pt,electricity,7437,16.28,7.4,0,Portugal,37,0.336363636,1
1016,kwh,pt,electricity,7638,16.72,7.6,0,Portugal,38,0.345454545,1
1017,kwh,pt,electricity,7839,17.16,7.8,0,Portugal,39,0.354545455,1
1018,kwh,pt,electricity,8040,17.6,8,0,Portugal,40,0.363636364,1
1019,kwh,pt,electricity,8241,18.04,8.2,0,Portugal,41,0.372727273,1
1020,kwh,pt,electricity,8442,18.48,8.4,0,Portugal,42,0.381818182,1
1021,kwh,pt,electricity,8643,18.92,8.6,0,Portugal,43,0.390909091,1
1022,kwh,pt,electricity,8844,19.36,8.8,0,Portugal,44,0.4,1
1023,kwh,pt,electricity,9045,19.8,9,0,Portugal,45,0.409090909,1
1024,kwh,pt,electricity,9246,20.24,9.2,0,Portugal,46,0.418181818,1
1025,kwh,pt,electricity,9447,20.68,9.4,0,Portugal,47,0.427272727,1
1026,kwh,pt,electricity,9648,21.12,9.6,0,Portugal,48,0.436363636,1
1027,kwh,pt,electricity,9849,21.56,9.8,0,Portugal,49,0.445454545,1
1028,kwh,pt,electricity,10050,22,10,0,Portugal,50,0.454545455,1
1029,kwh,it,electricity,424,0.94,0.42,0,Italy,2,0.019090909,1
1030,kwh,it,electricity,636,1.41,0.63,0,Italy,3,0.028636364,1
1031,kwh,it,electricity,848,1.88,0.84,0,Italy,4,0.038181818,1
1032,kwh,it,electricity,1060,2.35,1.05,0,Italy,5,0.047727273,1
1033,kwh,it,electricity,1272,2.82,1.26,0,Italy,6,0.057272727,1
1034,kwh,it,electricity,1484,3.29,1.47,0,Italy,7,0.066818182,1
1035,kwh,it,electricity,1696,3.76,1.68,0,Italy,8,0.076363636,1
1036,kwh,it,electricity,1908,4.23,1.89,0,Italy,9,0.085909091,1
1037,kwh,it,electricity,2120,4.7,2.1,0,Italy,10,0.095454545,1
1038,kwh,it,electricity,2332,5.17,2.31,0,Italy,11,0.105,1
1039,kwh,it,electricity,2544,5.64,2.52,0,Italy,12,0.114545455,1
1040,kwh,it,electricity,2756,6.11,2.73,0,Italy,13,0.124090909,1
1041,kwh,it,electricity,2968,6.58,2.94,0,Italy,14,0.133636364,1
1042,kwh,it,electricity,3180,7.05,3.15,0,Italy,15,0.143181818,1
1043,kwh,it,electricity,3392,7.52,3.36,0,Italy,16,0.152727273,1
1044,kwh,it,electricity,3604,7.99,3.57,0,Italy,17,0.162272727,1
1045,kwh,it,electricity,3816,8.46,3.78,0,Italy,18,0.171818182,1
1046,kwh,it,electricity,4028,8.93,3.99,0,Italy,19,0.181363636,1
1047,kwh,it,electricity,4240,9.4,4.2,0,Italy,20,0.190909091,1
1048,kwh,it,electricity,4452,9.87,4.41,0,Italy,21,0.200454545,1
1049,kwh,it,electricity,4664,10.34,4.62,0,Italy,22,0.21,1
1050,kwh,it,electricity,4876,10.81,4.83,0,Italy,23,0.219545455,1
1051,kwh,it,electricity,5088,11.28,5.04,0,Italy,24,0.229090909,1
1052,kwh,it,electricity,5300,11.75,5.25,0,Italy,25,0.238636364,1
1053,kwh,it,electricity,5512,12.22,5.46,0,Italy,26,0.248181818,1
1054,kwh,it,electricity,5724,12.69,5.67,0,Italy,27,0.257727273,1
1055,kwh,it,electricity,5936,13.16,5.88,0,Italy,28,0.267272727,1
1056,kwh,it,electricity,6148,13.63,6.09,0,Italy,29,0.276818182,1
1057,kwh,it,electricity,6360,14.1,6.3,0,Italy,30,0.286363636,1
1058,kwh,it,electricity,6572,14.57,6.51,0,Italy,31,0.295909091,1
1059,kwh,it,electricity,6784,15.04,6.72,0,Italy,32,0.305454545,1
1060,kwh,it,electricity,6996,15.51,6.93,0,Italy,33,0.315,1
1061,kwh,it,electricity,7208,15.98,7.14,0,Italy,34,0.324545455,1
1062,kwh,it,electricity,7420,16.45,7.35,0,Italy,35,0.334090909,1
1063,kwh,it,electricity,7632,16.92,7.56,0,Italy,36,0.343636364,1
1064,kwh,it,electricity,7844,17.39,7.77,0,Italy,37,0.353181818,1
1065,kwh,it,electricity,8056,17.86,7.98,0,Italy,38,0.362727273,1
1066,kwh,it,electricity,8268,18.33,8.19,0,Italy,39,0.372272727,1
1067,kwh,it,electricity,8480,18.8,8.4,0,Italy,40,0.381818182,1
1068,kwh,it,electricity,8692,19.27,8.61,0,Italy,41,0.391363636,1
1069,kwh,it,electricity,8904,19.74,8.82,0,Italy,42,0.400909091,1
1070,kwh,it,electricity,9116,20.21,9.03,0,Italy,43,0.410454545,1
1071,kwh,it,electricity,9328,20.68,9.24,0,Italy,44,0.42,1
1072,kwh,it,electricity,9540,21.15,9.45,0,Italy,45,0.429545455,1
1073,kwh,it,electricity,9752,21.62,9.66,0,Italy,46,0.439090909,1
1074,kwh,it,electricity,9964,22.09,9.87,0,Italy,47,0.448636364,1
1075,kwh,it,electricity,10176,22.56,10.08,0,Italy,48,0.458181818,1
1076,kwh,it,electricity,10388,23.03,10.29,0,Italy,49,0.467727273,1
1077,kwh,it,electricity,10600,23.5,10.5,0,Italy,50,0.477272727,1
1078,kwh,nl,electricity,636,1.4,0.64,0,Netherlands,2,0.029090909,1
1079,kwh,nl,electricity,954,2.1,0.96,0,Netherlands,3,0.043636364,1
1080,kwh,nl,electricity,1272,2.8,1.28,0,Netherlands,4,0.058181818,1
1081,kwh,nl,electricity,1590,3.5,1.6,0,Netherlands,5,0.072727273,1
1082,kwh,nl,electricity,1908,4.2,1.92,0,Netherlands,6,0.087272727,1
1083,kwh,nl,electricity,2226,4.9,2.24,0,Netherlands,7,0.101818182,1
1084,kwh,nl,electricity,2544,5.6,2.56,0,Netherlands,8,0.116363636,1
1085,kwh,nl,electricity,2862,6.3,2.88,0,Netherlands,9,0.130909091,1
1086,kwh,nl,electricity,3180,7,3.2,0,Netherlands,10,0.145454545,1
1087,kwh,nl,electricity,3498,7.7,3.52,0,Netherlands,11,0.16,1
1088,kwh,nl,electricity,3816,8.4,3.84,0,Netherlands,12,0.174545455,1
1089,kwh,nl,electricity,4134,9.1,4.16,0,Netherlands,13,0.189090909,1
1090,kwh,nl,electricity,4452,9.8,4.48,0,Netherlands,14,0.203636364,1
1091,kwh,nl,electricity,4770,10.5,4.8,0,Netherlands,15,0.218181818,1
1092,kwh,nl,electricity,5088,11.2,5.12,0,Netherlands,16,0.232727273,1
1093,kwh,nl,electricity,5406,11.9,5.44,0,Netherlands,17,0.247272727,1
1094,kwh,nl,electricity,5724,12.6,5.76,0,Netherlands,18,0.261818182,1
1095,kwh,nl,electricity,6042,13.3,6.08,0,Netherlands,19,0.276363636,1
1096,kwh,nl,electricity,6360,14,6.4,0,Netherlands,20,0.290909091,1
1097,kwh,nl,electricity,6678,14.7,6.72,0,Netherlands,21,0.305454545,1
1098,kwh,nl,electricity,6996,15.4,7.04,0,Netherlands,22,0.32,1
1099,kwh,nl,electricity,7314,16.1,7.36,0,Netherlands,23,0.334545455,1
1100,kwh,nl,electricity,7632,16.8,7.68,0,Netherlands,24,0.349090909,1
1101,kwh,nl,electricity,7950,17.5,8,0,Netherlands,25,0.363636364,1
1102,kwh,nl,electricity,8268,18.2,8.32,0,Netherlands,26,0.378181818,1
1103,kwh,nl,electricity,8586,18.9,8.64,0,Netherlands,27,0.392727273,1
1104,kwh,nl,electricity,8904,19.6,8.96,0,Netherlands,28,0.407272727,1
1105,kwh,nl,electricity,9222,20.3,9.28,0,Netherlands,29,0.421818182,1
1106,kwh,nl,electricity,9540,21,9.6,0,Netherlands,30,0.436363636,1
1107,kwh,nl,electricity,9858,21.7,9.92,0,Netherlands,31,0.450909091,1
1108,kwh,nl,electricity,10176,22.4,10.24,0,Netherlands,32,0.465454545,1
1109,kwh,nl,electricity,10494,23.1,10.56,0,Netherlands,33,0.48,1
1110,kwh,nl,electricity,10812,23.8,10.88,0,Netherlands,34,0.494545455,1
1111,kwh,nl,electricity,11130,24.5,11.2,0,Netherlands,35,0.509090909,1
1112,kwh,nl,electricity,11448,25.2,11.52,0,Netherlands,36,0.523636364,1
1113,kwh,nl,electricity,11766,25.9,11.84,0,Netherlands,37,0.538181818,1
1114,kwh,nl,electricity,12084,26.6,12.16,0,Netherlands,38,0.552727273,1
1115,kwh,nl,electricity,12402,27.3,12.48,0,Netherlands,39,0.567272727,1
1116,kwh,nl,electricity,12720,28,12.8,0,Netherlands,40,0.581818182,1
1117,kwh,nl,electricity,13038,28.7,13.12,0,Netherlands,41,0.596363636,1
1118,kwh,nl,electricity,13356,29.4,13.44,0,Netherlands,42,0.610909091,1
1119,kwh,nl,electricity,13674,30.1,13.76,0,Netherlands,43,0.625454545,1
1120,kwh,nl,electricity,13992,30.8,14.08,0,Netherlands,44,0.64,1
1121,kwh,nl,electricity,14310,31.5,14.4,0,Netherlands,45,0.654545455,1
1122,kwh,nl,electricity,14628,32.2,14.72,0,Netherlands,46,0.669090909,1
1123,kwh,nl,electricity,14946,32.9,15.04,0,Netherlands,47,0.683636364,1
1124,kwh,nl,electricity,15264,33.6,15.36,0,Netherlands,48,0.698181818,1
1125,kwh,nl,electricity,15582,34.3,15.68,0,Netherlands,49,0.712727273,1
1126,kwh,nl,electricity,15900,35,16,0,Netherlands,50,0.727272727,1
1127,kwh,es,electricity,380,0.84,0.38,0,Spain,2,0.017272727,1
1128,kwh,es,electricity,570,1.26,0.57,0,Spain,3,0.025909091,1
1129,kwh,es,electricity,760,1.68,0.76,0,Spain,4,0.034545455,1
1130,kwh,es,electricity,950,2.1,0.95,0,Spain,5,0.043181818,1
1131,kwh,es,electricity,1140,2.52,1.14,0,Spain,6,0.051818182,1
1132,kwh,es,electricity,1330,2.94,1.33,0,Spain,7,0.060454545,1
1133,kwh,es,electricity,1520,3.36,1.52,0,Spain,8,0.069090909,1
1134,kwh,es,electricity,1710,3.78,1.71,0,Spain,9,0.077727273,1
1135,kwh,es,electricity,1900,4.2,1.9,0,Spain,10,0.086363636,1
1136,kwh,es,electricity,2090,4.62,2.09,0,Spain,11,0.095,1
1137,kwh,es,electricity,2280,5.04,2.28,0,Spain,12,0.103636364,1
1138,kwh,es,electricity,2470,5.46,2.47,0,Spain,13,0.112272727,1
1139,kwh,es,electricity,2660,5.88,2.66,0,Spain,14,0.120909091,1
1140,kwh,es,electricity,2850,6.3,2.85,0,Spain,15,0.129545455,1
1141,kwh,es,electricity,3040,6.72,3.04,0,Spain,16,0.138181818,1
1142,kwh,es,electricity,3230,7.14,3.23,0,Spain,17,0.146818182,1
1143,kwh,es,electricity,3420,7.56,3.42,0,Spain,18,0.155454545,1
1144,kwh,es,electricity,3610,7.98,3.61,0,Spain,19,0.164090909,1
1145,kwh,es,electricity,3800,8.4,3.8,0,Spain,20,0.172727273,1
1146,kwh,es,electricity,3990,8.82,3.99,0,Spain,21,0.181363636,1
1147,kwh,es,electricity,4180,9.24,4.18,0,Spain,22,0.19,1
1148,kwh,es,electricity,4370,9.66,4.37,0,Spain,23,0.198636364,1
1149,kwh,es,electricity,4560,10.08,4.56,0,Spain,24,0.207272727,1
1150,kwh,es,electricity,4750,10.5,4.75,0,Spain,25,0.215909091,1
1151,kwh,es,electricity,4940,10.92,4.94,0,Spain,26,0.224545455,1
1152,kwh,es,electricity,5130,11.34,5.13,0,Spain,27,0.233181818,1
1153,kwh,es,electricity,5320,11.76,5.32,0,Spain,28,0.241818182,1
1154,kwh,es,electricity,5510,12.18,5.51,0,Spain,29,0.250454545,1
1155,kwh,es,electricity,5700,12.6,5.7,0,Spain,30,0.259090909,1
1156,kwh,es,electricity,5890,13.02,5.89,0,Spain,31,0.267727273,1
1157,kwh,es,electricity,6080,13.44,6.08,0,Spain,32,0.276363636,1
1158,kwh,es,electricity,6270,13.86,6.27,0,Spain,33,0.285,1
1159,kwh,es,electricity,6460,14.28,6.46,0,Spain,34,0.293636364,1
1160,kwh,es,electricity,6650,14.7,6.65,0,Spain,35,0.302272727,1
1161,kwh,es,electricity,6840,15.12,6.84,0,Spain,36,0.310909091,1
1162,kwh,es,electricity,7030,15.54,7.03,0,Spain,37,0.319545455,1
1163,kwh,es,electricity,7220,15.96,7.22,0,Spain,38,0.328181818,1
1164,kwh,es,electricity,7410,16.38,7.41,0,Spain,39,0.336818182,1
1165,kwh,es,electricity,7600,16.8,7.6,0,Spain,40,0.345454545,1
1166,kwh,es,electricity,7790,17.22,7.79,0,Spain,41,0.354090909,1
1167,kwh,es,electricity,7980,17.64,7.98,0,Spain,42,0.362727273,1
1168,kwh,es,electricity,8170,18.06,8.17,0,Spain,43,0.371363636,1
1169,kwh,es,electricity,8360,18.48,8.36,0,Spain,44,0.38,1
1170,kwh,es,electricity,8550,18.9,8.55,0,Spain,45,0.388636364,1
1171,kwh,es,electricity,8740,19.32,8.74,0,Spain,46,0.397272727,1
1172,kwh,es,electricity,8930,19.74,8.93,0,Spain,47,0.405909091,1
1173,kwh,es,electricity,9120,20.16,9.12,0,Spain,48,0.414545455,1
1174,kwh,es,electricity,9310,20.58,9.31,0,Spain,49,0.423181818,1
1175,kwh,es,electricity,9500,21,9.5,0,Spain,50,0.431818182,1
1176,kwh,gb,electricity,418,0.92,0.42,0,Great Britain,2,0.019090909,1
1177,kwh,gb,electricity,627,1.38,0.63,0,Great Britain,3,0.028636364,1
1178,kwh,gb,electricity,836,1.84,0.84,0,Great Britain,4,0.038181818,1
1179,kwh,gb,electricity,1045,2.3,1.05,0,Great Britain,5,0.047727273,1
1180,kwh,gb,electricity,1254,2.76,1.26,0,Great Britain,6,0.057272727,1
1181,kwh,gb,electricity,1463,3.22,1.47,0,Great Britain,7,0.066818182,1
1182,kwh,gb,electricity,1672,3.68,1.68,0,Great Britain,8,0.076363636,1
1183,kwh,gb,electricity,1881,4.14,1.89,0,Great Britain,9,0.085909091,1
1184,kwh,gb,electricity,2090,4.6,2.1,0,Great Britain,10,0.095454545,1
1185,kwh,gb,electricity,2299,5.06,2.31,0,Great Britain,11,0.105,1
1186,kwh,gb,electricity,2508,5.52,2.52,0,Great Britain,12,0.114545455,1
1187,kwh,gb,electricity,2717,5.98,2.73,0,Great Britain,13,0.124090909,1
1188,kwh,gb,electricity,2926,6.44,2.94,0,Great Britain,14,0.133636364,1
1189,kwh,gb,electricity,3135,6.9,3.15,0,Great Britain,15,0.143181818,1
1190,kwh,gb,electricity,3344,7.36,3.36,0,Great Britain,16,0.152727273,1
1191,kwh,gb,electricity,3553,7.82,3.57,0,Great Britain,17,0.162272727,1
1192,kwh,gb,electricity,3762,8.28,3.78,0,Great Britain,18,0.171818182,1
1193,kwh,gb,electricity,3971,8.74,3.99,0,Great Britain,19,0.181363636,1
1194,kwh,gb,electricity,4180,9.2,4.2,0,Great Britain,20,0.190909091,1
1195,kwh,gb,electricity,4389,9.66,4.41,0,Great Britain,21,0.200454545,1
1196,kwh,gb,electricity,4598,10.12,4.62,0,Great Britain,22,0.21,1
1197,kwh,gb,electricity,4807,10.58,4.83,0,Great Britain,23,0.219545455,1
1198,kwh,gb,electricity,5016,11.04,5.04,0,Great Britain,24,0.229090909,1
1199,kwh,gb,electricity,5225,11.5,5.25,0,Great Britain,25,0.238636364,1
1200,kwh,gb,electricity,5434,11.96,5.46,0,Great Britain,26,0.248181818,1
1201,kwh,gb,electricity,5643,12.42,5.67,0,Great Britain,27,0.257727273,1
1202,kwh,gb,electricity,5852,12.88,5.88,0,Great Britain,28,0.267272727,1
1203,kwh,gb,electricity,6061,13.34,6.09,0,Great Britain,29,0.276818182,1
1204,kwh,gb,electricity,6270,13.8,6.3,0,Great Britain,30,0.286363636,1
1205,kwh,gb,electricity,6479,14.26,6.51,0,Great Britain,31,0.295909091,1
1206,kwh,gb,electricity,6688,14.72,6.72,0,Great Britain,32,0.305454545,1
1207,kwh,gb,electricity,6897,15.18,6.93,0,Great Britain,33,0.315,1
1208,kwh,gb,electricity,7106,15.64,7.14,0,Great Britain,34,0.324545455,1
1209,kwh,gb,electricity,7315,16.1,7.35,0,Great Britain,35,0.334090909,1
1210,kwh,gb,electricity,7524,16.56,7.56,0,Great Britain,36,0.343636364,1
1211,kwh,gb,electricity,7733,17.02,7.77,0,Great Britain,37,0.353181818,1
1212,kwh,gb,electricity,7942,17.48,7.98,0,Great Britain,38,0.362727273,1
1213,kwh,gb,electricity,8151,17.94,8.19,0,Great Britain,39,0.372272727,1
1214,kwh,gb,electricity,8360,18.4,8.4,0,Great Britain,40,0.381818182,1
1215,kwh,gb,electricity,8569,18.86,8.61,0,Great Britain,41,0.391363636,1
1216,kwh,gb,electricity,8778,19.32,8.82,0,Great Britain,42,0.400909091,1
1217,kwh,gb,electricity,8987,19.78,9.03,0,Great Britain,43,0.410454545,1
1218,kwh,gb,electricity,9196,20.24,9.24,0,Great Britain,44,0.42,1
1219,kwh,gb,electricity,9405,20.7,9.45,0,Great Britain,45,0.429545455,1
1220,kwh,gb,electricity,9614,21.16,9.66,0,Great Britain,46,0.439090909,1
1221,kwh,gb,electricity,9823,21.62,9.87,0,Great Britain,47,0.448636364,1
1222,kwh,gb,electricity,10032,22.08,10.08,0,Great Britain,48,0.458181818,1
1223,kwh,gb,electricity,10241,22.54,10.29,0,Great Britain,49,0.467727273,1
1224,kwh,gb,electricity,10450,23,10.5,0,Great Britain,50,0.477272727,1
1225,kwh,se,electricity,26,0.06,0.02,0,Sweden,2,0.000909091,1
1226,kwh,se,electricity,39,0.09,0.03,0,Sweden,3,0.001363636,1
1227,kwh,se,electricity,52,0.12,0.04,0,Sweden,4,0.001818182,1
1228,kwh,se,electricity,65,0.15,0.05,0,Sweden,5,0.002272727,1
1229,kwh,se,electricity,78,0.18,0.06,0,Sweden,6,0.002727273,1
1230,kwh,se,electricity,91,0.21,0.07,0,Sweden,7,0.003181818,1
1231,kwh,se,electricity,104,0.24,0.08,0,Sweden,8,0.003636364,1
1232,kwh,se,electricity,117,0.27,0.09,0,Sweden,9,0.004090909,1
1233,kwh,se,electricity,130,0.3,0.1,0,Sweden,10,0.004545455,1
1234,kwh,se,electricity,143,0.33,0.11,0,Sweden,11,0.005,1
1235,kwh,se,electricity,156,0.36,0.12,0,Sweden,12,0.005454545,1
1236,kwh,se,electricity,169,0.39,0.13,0,Sweden,13,0.005909091,1
1237,kwh,se,electricity,182,0.42,0.14,0,Sweden,14,0.006363636,1
1238,kwh,se,electricity,195,0.45,0.15,0,Sweden,15,0.006818182,1
1239,kwh,se,electricity,208,0.48,0.16,0,Sweden,16,0.007272727,1
1240,kwh,se,electricity,221,0.51,0.17,0,Sweden,17,0.007727273,1
1241,kwh,se,electricity,234,0.54,0.18,0,Sweden,18,0.008181818,1
1242,kwh,se,electricity,247,0.57,0.19,0,Sweden,19,0.008636364,1
1243,kwh,se,electricity,260,0.6,0.2,0,Sweden,20,0.009090909,1
1244,kwh,se,electricity,273,0.63,0.21,0,Sweden,21,0.009545455,1
1245,kwh,se,electricity,286,0.66,0.22,0,Sweden,22,0.01,1
1246,kwh,se,electricity,299,0.69,0.23,0,Sweden,23,0.010454545,1
1247,kwh,se,electricity,312,0.72,0.24,0,Sweden,24,0.010909091,1
1248,kwh,se,electricity,325,0.75,0.25,0,Sweden,25,0.011363636,1
1249,kwh,se,electricity,338,0.78,0.26,0,Sweden,26,0.011818182,1
1250,kwh,se,electricity,351,0.81,0.27,0,Sweden,27,0.012272727,1
1251,kwh,se,electricity,364,0.84,0.28,0,Sweden,28,0.012727273,1
1252,kwh,se,electricity,377,0.87,0.29,0,Sweden,29,0.013181818,1
1253,kwh,se,electricity,390,0.9,0.3,0,Sweden,30,0.013636364,1
1254,kwh,se,electricity,403,0.93,0.31,0,Sweden,31,0.014090909,1
1255,kwh,se,electricity,416,0.96,0.32,0,Sweden,32,0.014545455,1
1256,kwh,se,electricity,429,0.99,0.33,0,Sweden,33,0.015,1
1257,kwh,se,electricity,442,1.02,0.34,0,Sweden,34,0.015454545,1
1258,kwh,se,electricity,455,1.05,0.35,0,Sweden,35,0.015909091,1
1259,kwh,se,electricity,468,1.08,0.36,0,Sweden,36,0.016363636,1
1260,kwh,se,electricity,481,1.11,0.37,0,Sweden,37,0.016818182,1
1261,kwh,se,electricity,494,1.14,0.38,0,Sweden,38,0.017272727,1
1262,kwh,se,electricity,507,1.17,0.39,0,Sweden,39,0.017727273,1
1263,kwh,se,electricity,520,1.2,0.4,0,Sweden,40,0.018181818,1
1264,kwh,se,electricity,533,1.23,0.41,0,Sweden,41,0.018636364,1
1265,kwh,se,electricity,546,1.26,0.42,0,Sweden,42,0.019090909,1
1266,kwh,se,electricity,559,1.29,0.43,0,Sweden,43,0.019545455,1
1267,kwh,se,electricity,572,1.32,0.44,0,Sweden,44,0.02,1
1268,kwh,se,electricity,585,1.35,0.45,0,Sweden,45,0.020454545,1
1269,kwh,se,electricity,598,1.38,0.46,0,Sweden,46,0.020909091,1
1270,kwh,se,electricity,611,1.41,0.47,0,Sweden,47,0.021363636,1
1271,kwh,se,electricity,624,1.44,0.48,0,Sweden,48,0.021818182,1
1272,kwh,se,electricity,637,1.47,0.49,0,Sweden,49,0.022272727,1
1273,kwh,se,electricity,650,1.5,0.5,0,Sweden,50,0.022727273,1
1274,kwh,si,electricity,438,0.96,0.44,0,Slovenia,2,0.02,1
1275,kwh,si,electricity,657,1.44,0.66,0,Slovenia,3,0.03,1
1276,kwh,si,electricity,876,1.92,0.88,0,Slovenia,4,0.04,1
1277,kwh,si,electricity,1095,2.4,1.1,0,Slovenia,5,0.05,1
1278,kwh,si,electricity,1314,2.88,1.32,0,Slovenia,6,0.06,1
1279,kwh,si,electricity,1533,3.36,1.54,0,Slovenia,7,0.07,1
1280,kwh,si,electricity,1752,3.84,1.76,0,Slovenia,8,0.08,1
1281,kwh,si,electricity,1971,4.32,1.98,0,Slovenia,9,0.09,1
1282,kwh,si,electricity,2190,4.8,2.2,0,Slovenia,10,0.1,1
1283,kwh,si,electricity,2409,5.28,2.42,0,Slovenia,11,0.11,1
1284,kwh,si,electricity,2628,5.76,2.64,0,Slovenia,12,0.12,1
1285,kwh,si,electricity,2847,6.24,2.86,0,Slovenia,13,0.13,1
1286,kwh,si,electricity,3066,6.72,3.08,0,Slovenia,14,0.14,1
1287,kwh,si,electricity,3285,7.2,3.3,0,Slovenia,15,0.15,1
1288,kwh,si,electricity,3504,7.68,3.52,0,Slovenia,16,0.16,1
1289,kwh,si,electricity,3723,8.16,3.74,0,Slovenia,17,0.17,1
1290,kwh,si,electricity,3942,8.64,3.96,0,Slovenia,18,0.18,1
1291,kwh,si,electricity,4161,9.12,4.18,0,Slovenia,19,0.19,1
1292,kwh,si,electricity,4380,9.6,4.4,0,Slovenia,20,0.2,1
1293,kwh,si,electricity,4599,10.08,4.62,0,Slovenia,21,0.21,1
1294,kwh,si,electricity,4818,10.56,4.84,0,Slovenia,22,0.22,1
1295,kwh,si,electricity,5037,11.04,5.06,0,Slovenia,23,0.23,1
1296,kwh,si,electricity,5256,11.52,5.28,0,Slovenia,24,0.24,1
1297,kwh,si,electricity,5475,12,5.5,0,Slovenia,25,0.25,1
1298,kwh,si,electricity,5694,12.48,5.72,0,Slovenia,26,0.26,1
1299,kwh,si,electricity,5913,12.96,5.94,0,Slovenia,27,0.27,1
1300,kwh,si,electricity,6132,13.44,6.16,0,Slovenia,28,0.28,1
1301,kwh,si,electricity,6351,13.92,6.38,0,Slovenia,29,0.29,1
1302,kwh,si,electricity,6570,14.4,6.6,0,Slovenia,30,0.3,1
1303,kwh,si,electricity,6789,14.88,6.82,0,Slovenia,31,0.31,1
1304,kwh,si,electricity,7008,15.36,7.04,0,Slovenia,32,0.32,1
1305,kwh,si,electricity,7227,15.84,7.26,0,Slovenia,33,0.33,1
1306,kwh,si,electricity,7446,16.32,7.48,0,Slovenia,34,0.34,1
1307,kwh,si,electricity,7665,16.8,7.7,0,Slovenia,35,0.35,1
1308,kwh,si,electricity,7884,17.28,7.92,0,Slovenia,36,0.36,1
1309,kwh,si,electricity,8103,17.76,8.14,0,Slovenia,37,0.37,1
1310,kwh,si,electricity,8322,18.24,8.36,0,Slovenia,38,0.38,1
1311,kwh,si,electricity,8541,18.72,8.58,0,Slovenia,39,0.39,1
1312,kwh,si,electricity,8760,19.2,8.8,0,Slovenia,40,0.4,1
1313,kwh,si,electricity,8979,19.68,9.02,0,Slovenia,41,0.41,1
1314,kwh,si,electricity,9198,20.16,9.24,0,Slovenia,42,0.42,1
1315,kwh,si,electricity,9417,20.64,9.46,0,Slovenia,43,0.43,1
1316,kwh,si,electricity,9636,21.12,9.68,0,Slovenia,44,0.44,1
1317,kwh,si,electricity,9855,21.6,9.9,0,Slovenia,45,0.45,1
1318,kwh,si,electricity,10074,22.08,10.12,0,Slovenia,46,0.46,1
1319,kwh,si,electricity,10293,22.56,10.34,0,Slovenia,47,0.47,1
1320,kwh,si,electricity,10512,23.04,10.56,0,Slovenia,48,0.48,1
1321,kwh,si,electricity,10731,23.52,10.78,0,Slovenia,49,0.49,1
1322,kwh,si,electricity,10950,24,11,0,Slovenia,50,0.5,1
1323,kwh,hu,electricity,436,0.96,0.44,0,Hungary,2,0.02,1
1324,kwh,hu,electricity,654,1.44,0.66,0,Hungary,3,0.03,1
1325,kwh,hu,electricity,872,1.92,0.88,0,Hungary,4,0.04,1
1326,kwh,hu,electricity,1090,2.4,1.1,0,Hungary,5,0.05,1
1327,kwh,hu,electricity,1308,2.88,1.32,0,Hungary,6,0.06,1
1328,kwh,hu,electricity,1526,3.36,1.54,0,Hungary,7,0.07,1
1329,kwh,hu,electricity,1744,3.84,1.76,0,Hungary,8,0.08,1
1330,kwh,hu,electricity,1962,4.32,1.98,0,Hungary,9,0.09,1
1331,kwh,hu,electricity,2180,4.8,2.2,0,Hungary,10,0.1,1
1332,kwh,hu,electricity,2398,5.28,2.42,0,Hungary,11,0.11,1
1333,kwh,hu,electricity,2616,5.76,2.64,0,Hungary,12,0.12,1
1334,kwh,hu,electricity,2834,6.24,2.86,0,Hungary,13,0.13,1
1335,kwh,hu,electricity,3052,6.72,3.08,0,Hungary,14,0.14,1
1336,kwh,hu,electricity,3270,7.2,3.3,0,Hungary,15,0.15,1
1337,kwh,hu,electricity,3488,7.68,3.52,0,Hungary,16,0.16,1
1338,kwh,hu,electricity,3706,8.16,3.74,0,Hungary,17,0.17,1
1339,kwh,hu,electricity,3924,8.64,3.96,0,Hungary,18,0.18,1
1340,kwh,hu,electricity,4142,9.12,4.18,0,Hungary,19,0.19,1
1341,kwh,hu,electricity,4360,9.6,4.4,0,Hungary,20,0.2,1
1342,kwh,hu,electricity,4578,10.08,4.62,0,Hungary,21,0.21,1
1343,kwh,hu,electricity,4796,10.56,4.84,0,Hungary,22,0.22,1
1344,kwh,hu,electricity,5014,11.04,5.06,0,Hungary,23,0.23,1
1345,kwh,hu,electricity,5232,11.52,5.28,0,Hungary,24,0.24,1
1346,kwh,hu,electricity,5450,12,5.5,0,Hungary,25,0.25,1
1347,kwh,hu,electricity,5668,12.48,5.72,0,Hungary,26,0.26,1
1348,kwh,hu,electricity,5886,12.96,5.94,0,Hungary,27,0.27,1
1349,kwh,hu,electricity,6104,13.44,6.16,0,Hungary,28,0.28,1
1350,kwh,hu,electricity,6322,13.92,6.38,0,Hungary,29,0.29,1
1351,kwh,hu,electricity,6540,14.4,6.6,0,Hungary,30,0.3,1
1352,kwh,hu,electricity,6758,14.88,6.82,0,Hungary,31,0.31,1
1353,kwh,hu,electricity,6976,15.36,7.04,0,Hungary,32,0.32,1
1354,kwh,hu,electricity,7194,15.84,7.26,0,Hungary,33,0.33,1
1355,kwh,hu,electricity,7412,16.32,7.48,0,Hungary,34,0.34,1
1356,kwh,hu,electricity,7630,16.8,7.7,0,Hungary,35,0.35,1
1357,kwh,hu,electricity,7848,17.28,7.92,0,Hungary,36,0.36,1
1358,kwh,hu,electricity,8066,17.76,8.14,0,Hungary,37,0.37,1
1359,kwh,hu,electricity,8284,18.24,8.36,0,Hungary,38,0.38,1
1360,kwh,hu,electricity,8502,18.72,8.58,0,Hungary,39,0.39,1
1361,kwh,hu,electricity,8720,19.2,8.8,0,Hungary,40,0.4,1
1362,kwh,hu,electricity,8938,19.68,9.02,0,Hungary,41,0.41,1
1363,kwh,hu,electricity,9156,20.16,9.24,0,Hungary,42,0.42,1
1364,kwh,hu,electricity,9374,20.64,9.46,0,Hungary,43,0.43,1
1365,kwh,hu,electricity,9592,21.12,9.68,0,Hungary,44,0.44,1
1366,kwh,hu,electricity,9810,21.6,9.9,0,Hungary,45,0.45,1
1367,kwh,hu,electricity,10028,22.08,10.12,0,Hungary,46,0.46,1
1368,kwh,hu,electricity,10246,22.56,10.34,0,Hungary,47,0.47,1
1369,kwh,hu,electricity,10464,23.04,10.56,0,Hungary,48,0.48,1
1370,kwh,hu,electricity,10682,23.52,10.78,0,Hungary,49,0.49,1
1371,kwh,hu,electricity,10900,24,11,0,Hungary,50,0.5,1